title,company,location,job_url,source
Authentication Engineer,Toptal,Remote,https://weworkremotely.com/remote-jobs/toptal-authentication-engineer,We Work Remotely
Online English Teacher 5d Native Camp Japan Featured Contract Anywhere in the World,Native Camp Japan,,https://weworkremotely.com/remote-jobs/native-camp-online-english-teacher-33,We Work Remotely
Senior UI&UX / Graphic Designer 7d Lemon.io,Lemon.io New,,https://weworkremotely.com/remote-jobs/lemon-io-senior-ui-ux-graphic-designer,We Work Remotely
"Remote Data Entry Clerk 8d NoGigiddy Atlanta, Georgia Featured Top 100 Contract Anywhere in the World",NoGigiddy,Remote,https://weworkremotely.com/remote-jobs/nogigiddy-remote-data-entry-clerk-7,We Work Remotely
FT/PT Remote AI Prompt Engineering & Evaluation - Will Train 12d DataAnnotation.tech,DataAnnotation.tech New,Remote,https://weworkremotely.com/remote-jobs/dataannotation-tech-ft-pt-remote-ai-prompt-engineering-evaluation-will-train,We Work Remotely
"Entry Level Junior Trader (Remote) 16d Infiniti Group Ltd Infiniti Group Ltd Featured Full-Time $50,000 - $74,999 USD Anywhere in the World",Infiniti Group Ltd Infiniti Group Ltd,Remote,https://weworkremotely.com/remote-jobs/infiniti-group-ltd-entry-level-junior-trader-remote-1,We Work Remotely
Marketing Data Scientist 21d Toptal Remote Featured Top 100 Contract 🇦🇷 Argentina 🇧🇷 Brazil 🇨🇱 Chile 🇨🇴 Colombia 🇨🇷 Costa Rica 🇲🇽 Mexico,Toptal,Remote,https://weworkremotely.com/remote-jobs/toptal-marketing-data-scientist,We Work Remotely
Native language editors 21d AE Virtual Class S.A Panama Featured Contract Anywhere in the World,AE Virtual Class S.A Panama,,https://weworkremotely.com/remote-jobs/ae-virtual-class-s-a-native-language-editors,We Work Remotely
Freelance Writer 24d ProWriterSites,ProWriterSites New York,,https://weworkremotely.com/remote-jobs/prowritersites-freelance-writer,We Work Remotely
AI Engineer/Python Develope 26d Toptal Remote Featured Top 100 Contract 🇮🇳 India,Toptal,Remote,https://weworkremotely.com/remote-jobs/toptal-ai-engineer-python-develope,We Work Remotely
"Remote AI Training - $20/hr - United States 27d Remote Talent Cloud Cheyenne, WY Featured Contract Anywhere in the World",Remote Talent Cloud,Remote,https://weworkremotely.com/remote-jobs/remote-talent-cloud-remote-ai-training-20-hr-united-states,We Work Remotely
Software Development Engineer in Test (SDET),Kodify Media Group,,https://weworkremotely.com/remote-jobs/kodify-media-group-software-development-engineer-in-test-sdet-1,We Work Remotely
"Vice President of Sales & Marketing – GovTech SaaS, Public Sector Focus 4d #twiceasnice Recruiting REMOTE, None Full-Time Anywhere in the World","#twiceasnice Recruiting REMOTE, None",,https://weworkremotely.com/remote-jobs/twiceasnice-recruiting-vice-president-of-sales-marketing-govtech-saas-public-sector-focus,We Work Remotely
"Manager, Global Financial Reporting 5d Ōura Remote - United States Full-Time Anywhere in the World",Ōura,Remote,https://weworkremotely.com/remote-jobs/oura-manager-global-financial-reporting,We Work Remotely
"Werkstudent (m/w/d) SAP-Consulting im Kundenservice 5d SEC Service Enterprise Consulting Altrottstraße 31 Walldorf, Baden-Württemberg, 69190 Germany Full-Time",SEC Service Enterprise Consulting Altrottstraße 31,,https://weworkremotely.com/remote-jobs/sec-service-enterprise-consulting-werkstudent-m-w-d-sap-consulting-im-kundenservice,We Work Remotely
"Quality Assurance Rater - German (Germany) 6d TELUS Digital Las Vegas, Nevada Contract 🇩🇪 Germany",TELUS Digital Las,,https://weworkremotely.com/remote-jobs/telus-digital-quality-assurance-rater-german-germany,We Work Remotely
Director of Product and Data Innovation 7d Palette Media United States Full-Time Anywhere in the World,Palette Media United States,,https://weworkremotely.com/remote-jobs/palette-media-director-of-product-and-data-innovation,We Work Remotely
UX Designer – Design System SR 8d Lyncas BR Full-Time Anywhere in the World,Lyncas BR,,https://weworkremotely.com/remote-jobs/lyncas-ux-designer-design-system-sr,We Work Remotely
Profissional Líder de Implantação - Remoto 8d Luby BR Full-Time Anywhere in the World,Luby BR,,https://weworkremotely.com/remote-jobs/luby-profissional-lider-de-implantacao-remoto,We Work Remotely
Product Marketing Analyst 8d Nuvemshop BR Full-Time Anywhere in the World,Nuvemshop BR,,https://weworkremotely.com/remote-jobs/nuvemshop-product-marketing-analyst,We Work Remotely
"Solutions Engineer / Network Automation Consultant (Python, Nautobot SaaS) 7d JMS Technical Solutions Remote Full-Time Anywhere in the World",JMS Technical Solutions,Remote,https://weworkremotely.com/remote-jobs/jms-technical-solutions-solutions-engineer-network-automation-consultant-python-nautobot-saas,We Work Remotely
Associate Consultant 8d Bentley Systems Canada Full-Time Anywhere in the World,Bentley Systems Canada,,https://weworkremotely.com/remote-jobs/bentley-systems-associate-consultant,We Work Remotely
"Virtual Assistant 12d Persona Talent San Francisco, California, USA Full-Time Anywhere in the World",Persona Talent San,,https://weworkremotely.com/remote-jobs/persona-talent-virtual-assistant,We Work Remotely
"Mid/Senior AI Cinematic Video Editor (Full Remote - Worldwide) 12d EverAI Croatia Full-Time $75,000 - $99,999 USD Anywhere in the World",EverAI Croatia,Remote,https://weworkremotely.com/remote-jobs/everai-mid-senior-ai-cinematic-video-editor-full-remote-worldwide,We Work Remotely
"Online Data Analyst United States Spanish speakers 13d TELUS Digital Las Vegas, Nevada Contract 🇺🇸 United States of America",TELUS Digital Las,,https://weworkremotely.com/remote-jobs/telus-digital-online-data-analyst-united-states-spanish-speakers-1,We Work Remotely
"Graphic & Web Designer 1d Bnk To The Future Your Laptop!, Remote, Philippines Full-Time","Bnk To The Future Your Laptop!,",Remote,https://weworkremotely.com/remote-jobs/bnk-to-the-future-graphic-web-designer,We Work Remotely
Data Analyst/ Curam 1d AHU Technologies Fully Remote - US Full-Time Anywhere in the World,AHU Technologies Fully,Remote,https://weworkremotely.com/remote-jobs/ahu-technologies-data-analyst-curam,We Work Remotely
Website Designer 1d Pavago South Africa Full-Time Anywhere in the World,Pavago South Africa,,https://weworkremotely.com/remote-jobs/pavago-website-designer,We Work Remotely
UI/UX Website Designer (copy) 1d Drivetrain India Full-Time Anywhere in the World,Drivetrain India,,https://weworkremotely.com/remote-jobs/drivetrain-ui-ux-website-designer-copy,We Work Remotely
"Tax Analyst- Bloomington, IL 6d AHU Technologies Fully Remote - US Full-Time Anywhere in the World",AHU Technologies Fully,Remote,https://weworkremotely.com/remote-jobs/ahu-technologies-tax-analyst-bloomington-il,We Work Remotely
Framer Website Designer 6d Air Apps Rome Metropolitain Full-Time,Air Apps Rome Metropolitain,,https://weworkremotely.com/remote-jobs/air-apps-framer-website-designer,We Work Remotely
Localization Web Developer 5d NinjaOne Remote Full-Time Anywhere in the World,NinjaOne,Remote,https://weworkremotely.com/remote-jobs/ninjaone-localization-web-developer,We Work Remotely
"Senior Technical Business Analyst- Atlanta, GA 5d AHU Technologies Fully Remote - US Full-Time Anywhere in the World",AHU Technologies Fully,Remote,https://weworkremotely.com/remote-jobs/ahu-technologies-senior-technical-business-analyst-atlanta-ga,We Work Remotely
Frontend Engineer 6d Mobena,Mobena New,,https://weworkremotely.com/remote-jobs/mobena-frontend-engineer,We Work Remotely
"Licensed Civil Engineer - Site Design 7d Olsson Dallas, TX; Fort Worth, TX; Oklahoma City, OK; Texas - Remote; Tulsa, OK Full-Time",Olsson,Remote,https://weworkremotely.com/remote-jobs/olsson-licensed-civil-engineer-site-design,We Work Remotely
Senior Web Developer for a DTC Company (US-Based/Remote) 7d Paired Argentina Full-Time Anywhere in the World,Paired Argentina,Remote,https://weworkremotely.com/remote-jobs/paired-senior-web-developer-for-a-dtc-company-us-based-remote,We Work Remotely
Senior Web Designer 7d Willow Health Brazil (Remote) Full-Time Anywhere in the World,Willow Health Brazil (Remote),Remote,https://weworkremotely.com/remote-jobs/willow-health-senior-web-designer,We Work Remotely
Senior Web Developer (WordPress & Shopify) 7d Rehire Colombia Full-Time Anywhere in the World,Rehire Colombia,,https://weworkremotely.com/remote-jobs/rehire-senior-web-developer-wordpress-shopify,We Work Remotely
Senior Frontend Web Developer 8d CAI IL-CLIENT-STATE Full-Time,CAI IL-CLIENT-STATE,,https://weworkremotely.com/remote-jobs/cai-senior-frontend-web-developer,We Work Remotely
"Electrical Engineer - Tonawanda, NY 8d AHU Technologies Fully Remote - US Full-Time Anywhere in the World",AHU Technologies Fully,Remote,https://weworkremotely.com/remote-jobs/ahu-technologies-electrical-engineer-tonawanda-ny,We Work Remotely
Web Developer 8d ServiceTitan Canada Ontario Remote Full-Time Anywhere in the World,ServiceTitan Canada Ontario,Remote,https://weworkremotely.com/remote-jobs/servicetitan-web-developer,We Work Remotely
Manager – Business Development (Remote - FullTime) 12d AHU Technologies Fully Remote - US Full-Time Anywhere in the World,AHU Technologies Fully,Remote,https://weworkremotely.com/remote-jobs/ahu-technologies-manager-business-development-remote-fulltime,We Work Remotely
Senior Shopify Web Developer 11d Activate Talent Colombia Full-Time Anywhere in the World,Activate Talent Colombia,,https://weworkremotely.com/remote-jobs/activate-talent-senior-shopify-web-developer,We Work Remotely
"Front End Web Developer, WFH 11d InterContinental Recruiting Sofia, Sofia · Information Technology Full-Time",InterContinental Recruiting,,https://weworkremotely.com/remote-jobs/intercontinental-recruiting-front-end-web-developer-wfh,We Work Remotely
"Senior Software Engineer, Web 25d Speechify Inc Florida Contract $100,000 or more USD Anywhere in the World","Speechify Inc Florida Contract $100,000 or more USD",,https://weworkremotely.com/remote-jobs/speechify-inc-senior-software-engineer-web-1,We Work Remotely
Staff Software Engineer - AI Website Builder - US (Remote) 26d Luxury Presence United States Full-Time Anywhere in the World,Luxury Presence United States,Remote,https://weworkremotely.com/remote-jobs/luxury-presence-staff-software-engineer-ai-website-builder-us-remote,We Work Remotely
Profissional Web Designer Sênior 19d Radix BR Full-Time Anywhere in the World,Radix BR,,https://weworkremotely.com/remote-jobs/radix-profissional-web-designer-senior-1,We Work Remotely
Senior Product Manager - Remote - 13.5-18.3k CLT 26d Vinta BR Full-Time Anywhere in the World,Vinta BR,Remote,https://weworkremotely.com/remote-jobs/vinta-senior-product-manager-remote-13-5-18-3k-clt,We Work Remotely
Working Student (m/f/d) DevOps – Software Development,Bruker Corporation,,https://weworkremotely.com/remote-jobs/bruker-corporation-working-student-m-f-d-devops-software-development,We Work Remotely
Senior InfoSec Engineer (SecDevOps) - (REMOTE),Charles River India,,https://weworkremotely.com/remote-jobs/charles-river-senior-infosec-engineer-secdevops-remote,We Work Remotely
IT - Infrastructure Systems - DevOps Engineer II (Remote in CA only),Golden 1 Credit Union 8945 Cal Center,Remote,https://weworkremotely.com/remote-jobs/golden-1-credit-union-it-infrastructure-systems-devops-engineer-ii-remote-in-ca,We Work Remotely
Senior Sales Engineer - Delphix,Perforce Argentina / Santiago,,https://weworkremotely.com/remote-jobs/perforce-senior-sales-engineer-delphix,We Work Remotely
DevOps Engineer REF1752R (m/f/d),"Deutsche Telekom IT Solutions Slovakia Moldavská cesta, 040 11 Košice, Slovakia",,https://weworkremotely.com/remote-jobs/deutsche-telekom-it-solutions-slovakia-devops-engineer-ref1752r-m-f-d,We Work Remotely
"Principal DevOps Engineer – Build, Release and Cloud Automation 6d Revvity India - Remote Full-Time Anywhere in the World",Revvity India -,Remote,https://weworkremotely.com/remote-jobs/revvity-principal-devops-engineer-build-release-and-cloud-automation,We Work Remotely
Staff DevOps Engineer 6d Runware United Kingdom Full-Time Anywhere in the World,Runware United Kingdom,,https://weworkremotely.com/remote-jobs/runware-staff-devops-engineer,We Work Remotely
DevOps Engineer 6d Career Team Enterprises Remote in the Philippines Full-Time Anywhere in the World,Career Team Enterprises,Remote,https://weworkremotely.com/remote-jobs/career-team-enterprises-devops-engineer,We Work Remotely
Mid/Senior DevOps Engineer (Egypt) 6d Intelmatix Full-Time Anywhere in the World,Intelmatix,,https://weworkremotely.com/remote-jobs/intelmatix-mid-senior-devops-engineer-egypt,We Work Remotely
DevOps Virtual Development Engineer 6d HYUNDAI MOTORS Full-Time Anywhere in the World,HYUNDAI MOTORS,,https://weworkremotely.com/remote-jobs/hyundai-motors-devops-virtual-development-engineer,We Work Remotely
Professor(a)-autor(a) | Curadoria e Validação de Conteúdo - MICROSERVICES COM NODE.JS E MESSAGE BROKERS - EdTech | Vitru,Vitru Educação BR,,https://weworkremotely.com/remote-jobs/vitru-educacao-professor-a-autor-a-curadoria-e-validacao-de-conteudo-microservices-com-node-js-e-message,We Work Remotely
DevOps e Platform Sênior| Remoto,Premiersoft BR,,https://weworkremotely.com/remote-jobs/premiersoft-devops-e-platform-senior-remoto,We Work Remotely
DevOps Engineer (contract),Covent IT,Remote,https://weworkremotely.com/remote-jobs/covent-it-devops-engineer-contract,We Work Remotely
Senior Platform/Site Reliability Engineer 8d Lemon.io,Lemon.io New,,https://weworkremotely.com/remote-jobs/lemon-io-senior-platform-site-reliability-engineer,We Work Remotely
[Banco de Talentos] Pessoa Desenvolvedora Backend Pleno 13d Cubos Tecnologia BR Full-Time Anywhere in the World,Cubos Tecnologia BR,,https://weworkremotely.com/remote-jobs/cubos-tecnologia-banco-de-talentos-pessoa-desenvolvedora-backend-pleno,We Work Remotely
"Senior Solutions Engineer (API, Python, Node.JS) 13d Binance Europe / Global / Ireland, Dublin / United Kingdom, London / Asia / Japan, Tokyo / Hong Kong / Australia, Brisbane / Australia, Melbourne / Australia, Sydney / Estonia, Tallinn / Greece, Athens / India, Bangalore / Philippines, Manila Full-Time Anywhere in the World",Binance Europe / Global /,,https://weworkremotely.com/remote-jobs/binance-senior-solutions-engineer-api-python-node-js,We Work Remotely
Engenheiro DevOps (GitHub e CI/CD) | Remoto 13d Premiersoft BR Full-Time Anywhere in the World,Premiersoft BR,,https://weworkremotely.com/remote-jobs/premiersoft-engenheiro-devops-github-e-ci-cd-remoto,We Work Remotely
DevOps Engineer - EMEA/US Shift 13d BlueMatrix Hyderabad Full-Time Anywhere in the World,BlueMatrix Hyderabad,,https://weworkremotely.com/remote-jobs/bluematrix-devops-engineer-emea-us-shift,We Work Remotely
"Technical Product Lead for Innovative Telecom Services - 100% Remote - 6 hours per day 15d Lightup Network Solutions GmbH & Co. KG Frankfurt, Germany Full-Time $25,000 - $48,999 USD Anywhere in the World",Lightup Network Solutions GmbH & Co. KG,Remote,https://weworkremotely.com/remote-jobs/lightup-network-solutions-gmbh-co-kg-technical-product-lead-for-innovative-telecom-services,We Work Remotely
BDR - outbound - Pré-vendas 19d FIAP BR Full-Time Anywhere in the World,FIAP BR,,https://weworkremotely.com/remote-jobs/fiap-bdr-outbound-pre-vendas,We Work Remotely
[Banco de Talentos] Pessoa Desenvolvedora Frontend Junior 19d Cubos Tecnologia BR Full-Time Anywhere in the World,Cubos Tecnologia BR,,https://weworkremotely.com/remote-jobs/cubos-tecnologia-banco-de-talentos-pessoa-desenvolvedora-frontend-junior,We Work Remotely
[Banco de Talentos] Pessoa Desenvolvedora Flutter Pleno 19d Cubos Tecnologia BR Full-Time Anywhere in the World,Cubos Tecnologia BR,,https://weworkremotely.com/remote-jobs/cubos-tecnologia-banco-de-talentos-pessoa-desenvolvedora-flutter-pleno,We Work Remotely
[Banco de Talentos] Pessoa Desenvolvedora Frontend Pleno 19d Cubos Tecnologia BR Full-Time Anywhere in the World,Cubos Tecnologia BR,,https://weworkremotely.com/remote-jobs/cubos-tecnologia-banco-de-talentos-pessoa-desenvolvedora-frontend-pleno,We Work Remotely
"Mac MSP Help Desk Guru (work from home) 20d Ignition, Inc. ignitionit.com Full-Time $50,000 - $74,999 USD Anywhere in the World","Ignition, Inc. ignitionit.com",,https://weworkremotely.com/remote-jobs/ignition-inc-mac-msp-help-desk-guru-work-from-home,We Work Remotely
"Director, AI Product Development 25d Centralreach Remote - US Full-Time Anywhere in the World",Centralreach,Remote,https://weworkremotely.com/remote-jobs/centralreach-director-ai-product-development,We Work Remotely
Remote Customer Support - $20/hr - United States,Boosted listing,Remote,https://weworkremotely.com/remote-jobs/remote-talent-cloud-remote-customer-support-20-hr-united-states-5,We Work Remotely
Senior Customer Success Manager 6d Bask Health United States Featured Full-Time Anywhere in the World,Bask Health United States,,https://weworkremotely.com/remote-jobs/bask-health-senior-customer-success-manager-1,We Work Remotely
Customer Success Account Manager 15d Bask Health United States Featured Full-Time Anywhere in the World,Bask Health United States,,https://weworkremotely.com/remote-jobs/bask-health-customer-success-account-manager-1,We Work Remotely
"Support Engineer 12d Level Asheville, NC Featured Full-Time $75,000 - $99,999 USD Anywhere in the World",Level,,https://weworkremotely.com/remote-jobs/level-support-engineer,We Work Remotely
Head of Customer Success 13d OnTheGoSystems Remote Featured Top 100 Full-Time Anywhere in the World,OnTheGoSystems,Remote,https://weworkremotely.com/remote-jobs/onthegosystems-head-of-customer-success,We Work Remotely
"Customer Support Agent (Remote) 14d CRAE GROUP LTD Cyprus Featured Full-Time $10,000 - $25,000 USD 🇧🇬 Bulgaria 🇨🇾 Cyprus 🇪🇪 Estonia 🇭🇺 Hungary 🇱🇹 Lithuania 🇱🇻 Latvia 🇵🇱 Poland 🇷🇴 Romania 🇷🇸 Serbia 🇸🇰 Slovakia 🇺🇦 Ukraine",CRAE GROUP LTD Cyprus,Remote,https://weworkremotely.com/remote-jobs/crae-group-ltd-customer-support-agent-remote,We Work Remotely
"Entry-Level Account Manager 28d NoGigiddy Atlanta, Georgia Featured Top 100 Contract Anywhere in the World",NoGigiddy,,https://weworkremotely.com/remote-jobs/nogigiddy-entry-level-account-manager-4,We Work Remotely
MS Dynamics 365 CRM Consultant - Katowice,EY Studio+ Nederland Katowice - 2 days in office / 3 days remote,,https://weworkremotely.com/remote-jobs/ey-studio-nederland-ms-dynamics-365-crm-consultant-katowice,We Work Remotely
Senior QA Automation,Valorx,Remote,https://weworkremotely.com/remote-jobs/valorx-senior-qa-automation,We Work Remotely
"Sr. Clinical Specialist, CRM - St Petersburg, FL",Abbott United States of America :,Remote,https://weworkremotely.com/remote-jobs/abbott-sr-clinical-specialist-crm-st-petersburg-fl,We Work Remotely
CRM Technical Specialist,Welltech Ukraine,,https://weworkremotely.com/remote-jobs/welltech-crm-technical-specialist,We Work Remotely
Sr. CRM Account Executive - Manufacturing,ServiceNow 176 North Racine,,https://weworkremotely.com/remote-jobs/servicenow-sr-crm-account-executive-manufacturing,We Work Remotely
Merchant Support Specialist,Zapiet United Kingdom,,https://weworkremotely.com/remote-jobs/zapiet-merchant-support-specialist-2,We Work Remotely
Business & CRM Analyst | Remote 5d Sonova International Mexico Full-Time Anywhere in the World,Sonova International Mexico,Remote,https://weworkremotely.com/remote-jobs/sonova-international-business-crm-analyst-remote,We Work Remotely
CRM Specialist 5d Air Apps Rome Metropolitain Full-Time,Air Apps Rome Metropolitain,,https://weworkremotely.com/remote-jobs/air-apps-crm-specialist,We Work Remotely
"CRM _ DSS _ Zhengzhou 5d Medtronic Zhengzhou, Henan, China Full-Time Anywhere in the World",Medtronic,,https://weworkremotely.com/remote-jobs/medtronic-crm-_-dss-_-zhengzhou,We Work Remotely
"Consultores SAP Billing/FICA/WM/CRM (Utilities/CCS/ISU) 5d Accenture Campina Grande, Unifacisa Building 7 Full-Time Anywhere in the World",Accenture Campina,,https://weworkremotely.com/remote-jobs/accenture-consultores-sap-billing-fica-wm-crm-utilities-ccs-isu,We Work Remotely
Customer Success Advocate 6d Bask Health United States Full-Time Anywhere in the World,Bask Health United States,,https://weworkremotely.com/remote-jobs/bask-health-customer-success-advocate,We Work Remotely
"Dynamics 365 CRM Developer 8d Pro iDeal Jobs Cluj-Napoca, Remote, Romania Full-Time","Pro iDeal Jobs Cluj-Napoca,",Remote,https://weworkremotely.com/remote-jobs/pro-ideal-jobs-dynamics-365-crm-developer,We Work Remotely
"Sr. Product Manager 8d OptiMantra Atlanta, Georgia, United States Full-Time",OptiMantra,,https://weworkremotely.com/remote-jobs/optimantra-sr-product-manager,We Work Remotely
CRM Strategist,Smartbug Media/Point Sucess/Globalia,Remote,https://weworkremotely.com/remote-jobs/smartbug-media-point-sucess-globalia-crm-strategist,We Work Remotely
Analista de CRM Pleno - Jornada 8d Acerto BR Full-Time Anywhere in the World,Acerto BR,,https://weworkremotely.com/remote-jobs/acerto-analista-de-crm-pleno-jornada,We Work Remotely
Customer Support Specialist,Select Saunas,,https://weworkremotely.com/remote-jobs/select-saunas-customer-support-specialist,We Work Remotely
"Support Engineer, WordPress VIP 10d Automattic Remote Top 100 Full-Time 🇺🇸 United States of America",Automattic,Remote,https://weworkremotely.com/remote-jobs/automattic-support-engineer-wordpress-vip,We Work Remotely
"Customer Support Operations Manager - Intercom & Fin AI 11d Vista Fulfillment Group Santee, California, United States Full-Time Anywhere in the World",Vista Fulfillment Group,,https://weworkremotely.com/remote-jobs/vista-fulfillment-group-customer-support-operations-manager-intercom-fin-ai,We Work Remotely
"Product Manager 5d Nearcut Berlin, Germany Featured Full-Time $75,000 - $99,999 USD Anywhere in the World",Nearcut,,https://weworkremotely.com/remote-jobs/nearcut-product-manager,We Work Remotely
"Senior Product Manager 14d Toggl Tallinn, Estonia Featured Top 100 Full-Time $75,000 - $99,999 USD Anywhere in the World",Toggl,,https://weworkremotely.com/remote-jobs/toggl-senior-product-manager-4,We Work Remotely
"Head of Marketing, Product & GTM 1d Mongoose Buffalo / Atlanta / Austin / Boston / Chicago / Denver / Los Angeles /",Mongoose Buffalo / Atlanta / Austin / Boston / Chicago / Denver / Los Angeles / New York City / Oakland / Portland / San Francisco / Seattle / Philadelphia,,https://weworkremotely.com/remote-jobs/mongoose-head-of-marketing-product-gtm,We Work Remotely
"Product Marketing Manager (w/m/d) für SaaS und On-Premises Lösungen 5d Septeo CNEE Karlsruhe, DE, Lauf a. d. Pegnitz, DE, Nordwalde, DE, Remote, Germany Full-Time",Septeo CNEE,Remote,https://weworkremotely.com/remote-jobs/septeo-cnee-product-marketing-manager-w-m-d-fur-saas-und-on-premises-losungen,We Work Remotely
Account Manager II 5d Renaissance Learning North America Remote - LA Full-Time,Renaissance Learning North America,Remote,https://weworkremotely.com/remote-jobs/renaissance-learning-north-america-account-manager-ii,We Work Remotely
"Client Sales Development Manager 5d Blackhawk Network Remote, United States Full-Time Anywhere in the World",Blackhawk Network,Remote,https://weworkremotely.com/remote-jobs/blackhawk-network-client-sales-development-manager,We Work Remotely
"Product Support Representative IV - REMOTE 5d Net Health Pittsburgh, Pennsylvania, 15222, United States Full-Time",Net Health,,https://weworkremotely.com/remote-jobs/net-health-product-support-representative-iv-remote,We Work Remotely
Finance & Accounts Executive (US SaaS Startup) 5d Hypersonix Remote Full-Time,Hypersonix,Remote,https://weworkremotely.com/remote-jobs/hypersonix-finance-accounts-executive-us-saas-startup,We Work Remotely
"Support Operations Program Manager (SaaS) REMOTE 7d TCWGlobal CA, USA Full-Time","TCWGlobal CA, USA",,https://weworkremotely.com/remote-jobs/tcwglobal-support-operations-program-manager-saas-remote,We Work Remotely
"Solutions Engineer / Network Automation Consultant (Python, Nautobot SaaS) 7d JMS Technical Solutions Remote Full-Time Anywhere in the World",JMS Technical Solutions,Remote,https://weworkremotely.com/remote-jobs/jms-technical-solutions-solutions-engineer-network-automation-consultant-python-nautobot-saas-1,We Work Remotely
Sales Development Representative 7d Kojo Remote (Canada) Full-Time Anywhere in the World,Kojo,Remote,https://weworkremotely.com/remote-jobs/kojo-sales-development-representative,We Work Remotely
Program Manager Time Migration 7d Intapp Remote (United States) Full-Time,Intapp,Remote,https://weworkremotely.com/remote-jobs/intapp-program-manager-time-migration,We Work Remotely
Account Executive - Net,| Copperleaf | France 13d IFS,,https://weworkremotely.com/remote-jobs/ifs-account-executive-net-new-copperleaf-france,We Work Remotely
Senior Data Engineer 14d Lodgify Spain Full-Time Anywhere in the World,Lodgify Spain,,https://weworkremotely.com/remote-jobs/lodgify-senior-data-engineer,We Work Remotely
Sales Manager (SaaS & Social Media Marketing) - Philippines 14d DinePalace.com / Foodme.Mobi Full-Time Anywhere in the World,DinePalace.com / Foodme.Mobi,,https://weworkremotely.com/remote-jobs/dinepalace-com-foodme-mobi-sales-manager-saas-social-media-marketing-philippines,We Work Remotely
"Frontend Full Stack Engineer 14d Redolent Remote, CA Full-Time",Redolent,Remote,https://weworkremotely.com/remote-jobs/redolent-frontend-full-stack-engineer,We Work Remotely
"Product Manager - B2B SaaS (Martech) - Europe 13d Insider One Berlin, Germany / Amsterdam, Netherlands / Hamburg / London, United Kingdom Full-Time Anywhere in the World",Insider One,,https://weworkremotely.com/remote-jobs/insider-one-product-manager-b2b-saas-martech-europe,We Work Remotely
"Product Manager for Bonsai (Innovation Hub) 14d Jetbrains Amsterdam, Netherlands; Belgrade, Serbia; Berlin, Germany; Limassol, Cyprus; Madrid, Spain; Munich, Germany; Paphos, Cyprus; Prague, Czech Republic; Remote, Germany; Warsaw, Poland; Yerevan, Armenia Full-Time Anywhere in the World",Jetbrains,Remote,https://weworkremotely.com/remote-jobs/jetbrains-product-manager-for-bonsai-innovation-hub,We Work Remotely
"Product Owner Zendesk Customer Service (m/w/d) // remote möglich 25d E. Breuninger& Co. Stuttgart, Deutschland Full-Time Anywhere in the World",E. Breuninger& Co.,,https://weworkremotely.com/remote-jobs/e-breuninger-co-product-owner-zendesk-customer-service-m-w-d-remote-moglich,We Work Remotely
"Senior Product Analyst, Remote 25d Aledade Bethesda, MD Full-Time Anywhere in the World",Aledade,Remote,https://weworkremotely.com/remote-jobs/aledade-senior-product-analyst-remote,We Work Remotely
"We're Hiring: Appointment Setter (Freelance, Remote) 6d Boosted listing The Legal Podcast Network Austin, Texas Boosted Full-Time $25,000 - $48,999 USD Anywhere in the World",Boosted listing The Legal Podcast Network,Remote,https://weworkremotely.com/remote-jobs/the-legal-podcast-network-we-re-hiring-appointment-setter-freelance-remote,We Work Remotely
Video Content Strategist / Storyboards,Spiralyze,,https://weworkremotely.com/remote-jobs/spiralyze-video-content-strategist-storyboards-1,We Work Remotely
Remote Sales Representative,Credit Joy Delaware,Remote,https://weworkremotely.com/remote-jobs/credit-joy-remote-sales-representative,We Work Remotely
"DevRel - Content Creator 4d SuperPlane USA Featured Full-Time $100,000 or more USD Anywhere in the World",SuperPlane USA,,https://weworkremotely.com/remote-jobs/superplane-devrel-content-creator,We Work Remotely
Director of Paid Social & Video 5d LawnStarter United States Featured Full-Time Anywhere in the World,LawnStarter United States,,https://weworkremotely.com/remote-jobs/lawnstarter-director-of-paid-social-video-1,We Work Remotely
"Inside Sales - Account Executive 5d Credit Wellness LLC USA Featured Contract $75,000 - $99,999 USD Anywhere in the World",Credit Wellness LLC USA,,https://weworkremotely.com/remote-jobs/credit-wellness-llc-inside-sales-account-executive,We Work Remotely
Sales Jedi 5d Creative Force Creative Force Featured Top 100 Full-Time Anywhere in the World,Creative Force Creative Force,,https://weworkremotely.com/remote-jobs/creative-force-sales-jedi-6,We Work Remotely
"Remote Inside Sales 11d Your Resource Group LLC USA Featured Contract $25,000 - $48,999 USD Anywhere in the World",Your Resource Group LLC USA,Remote,https://weworkremotely.com/remote-jobs/your-resource-group-llc-remote-inside-sales-1,We Work Remotely
"DACH Community Manager (Events) 15d Binance Europe / Global / Ireland, Dublin / United Kingdom, London / Asia / Japan, Tokyo / Hong Kong / Australia, Brisbane / Australia, Melbourne / Australia, Sydney / Estonia, Tallinn / Greece, Athens / India, Bangalore / Philippines, Manila Featured Full-Time 🇦🇹 Austria 🇨🇭 Switzerland 🇩🇪 Germany",Binance Europe / Global /,,https://weworkremotely.com/remote-jobs/binance-dach-community-manager-events,We Work Remotely
"Senior Engineer - Growth Marketing 15d Buffer United States, California Featured Full-Time $100,000 or more USD Anywhere in the World",Buffer United,,https://weworkremotely.com/remote-jobs/buffer-senior-engineer-growth-marketing,We Work Remotely
Personal Assistant,Claimsorted 169 Madison,,https://weworkremotely.com/remote-jobs/claimsorted-personal-assistant,We Work Remotely
SMB GTM Lead,Lula Commerce,,https://weworkremotely.com/remote-jobs/lula-commerce-smb-gtm-lead,We Work Remotely
Affiliate Marketing Manager,Hello There Collective Los,,https://weworkremotely.com/remote-jobs/hello-there-collective-affiliate-marketing-manager,We Work Remotely
Client Success Advisor,"SiteCare LaGrange, Georgia",,https://weworkremotely.com/remote-jobs/sitecare-client-success-advisor,We Work Remotely
"Creative Lead, Paid Social 5d King Edward First Los Angeles Contract $25,000 - $48,999 USD Anywhere in the World","King Edward First Los Angeles Contract $25,000 - $48,999 USD",,https://weworkremotely.com/remote-jobs/king-edward-first-creative-lead-paid-social,We Work Remotely
"Google Ads Media Buyer @ Growth Agency (DTC Ecommerce) 7d HoloGrowth Worldwide Full-Time $25,000 - $48,999 USD Anywhere in the World",HoloGrowth Worldwide,,https://weworkremotely.com/remote-jobs/hologrowth-google-ads-media-buyer-growth-agency-dtc-ecommerce,We Work Remotely
"Inside Sales Team Leader 7d The Careside Perth, Australia Full-Time 🇮🇩 Indonesia 🇰🇷 Korea (Republic of) 🇲🇾 Malaysia 🇸🇬 Singapore 🇹🇭 Thailand 🇹🇼 Taiwan, Province of China 🇻🇳 Viet Nam",The Careside,,https://weworkremotely.com/remote-jobs/the-careside-inside-sales-team-leader,We Work Remotely
Growth Lead 10d Forager Los Angeles Full-Time Anywhere in the World,Forager Los Angeles,,https://weworkremotely.com/remote-jobs/forager-growth-lead,We Work Remotely
"Performance Marketing Specialist 11d The CareSide Perth, Australia Contract Anywhere in the World",The CareSide,,https://weworkremotely.com/remote-jobs/the-careside-performance-marketing-specialist,We Work Remotely
"Senior Content Marketer, SEO 11d Animalz San Diego, California Top 100 Full-Time $75,000 - $99,999 USD 🇦🇹 Austria 🇧🇪 Belgium 🇨🇦 Canada 🇪🇸 Spain 🇫🇷 France 🇬🇧 United Kingdom of Great Britain and Northern Ireland 🇬🇷 Greece 🇳🇬 Nigeria 🇳🇱 Netherlands 🇺🇸 United States of America 🇿🇦 South Africa",Animalz San,,https://weworkremotely.com/remote-jobs/animalz-senior-content-marketer-seo,We Work Remotely
Director of Sales & Marketing 12d The Archetype Strategy Remote Full-Time Anywhere in the World,The Archetype Strategy,Remote,https://weworkremotely.com/remote-jobs/the-archetype-strategy-director-of-sales-marketing,We Work Remotely
Marketing Specialist 12d Compass Business Solutions Remote Full-Time,Compass Business Solutions,Remote,https://weworkremotely.com/remote-jobs/compass-business-solutions-marketing-specialist,We Work Remotely
B2B Marketing Director 12d Runway Remote Full-Time Anywhere in the World,Runway,Remote,https://weworkremotely.com/remote-jobs/runway-b2b-marketing-director,We Work Remotely
"Media Buyer (Google&Meta) 12d CapsLock Madrid, Remote, United States Full-Time",CapsLock,Remote,https://weworkremotely.com/remote-jobs/capslock-media-buyer-google-meta,We Work Remotely
Junior Performance Marketer (Full Remote - Croatia) 12d EverAI Croatia Full-Time Anywhere in the World,EverAI Croatia,Remote,https://weworkremotely.com/remote-jobs/everai-junior-performance-marketer-full-remote-croatia,We Work Remotely
"CRO Specialist (all genders) 12d sofatutor GmbH Berlin Featured Full-Time $50,000 - $74,999 USD 🇦🇹 Austria 🇨🇭 Switzerland 🇨🇿 Czechia 🇩🇪 Germany 🇩🇰 Denmark 🇪🇸 Spain 🇫🇷 France 🇬🇧 United Kingdom of Great Britain and Northern Ireland 🇬🇷 Greece 🇭🇷 Croatia 🇮🇪 Ireland 🇮🇹 Italy 🇳🇱 Netherlands 🇳🇴 Norway 🇵🇱 Poland 🇵🇹 Portugal 🇸🇪 Sweden 🇸🇰 Slovakia",sofatutor GmbH Berlin,,https://weworkremotely.com/remote-jobs/sofatutor-gmbh-cro-specialist-all-genders,We Work Remotely
Staff UI/UX Product Designer (USA/EMEA - Remote),Hospitable United States,Remote,https://weworkremotely.com/remote-jobs/hospitable-staff-ui-ux-product-designer-usa-emea-remote-1,We Work Remotely
QA Lead 1d HugeInc Colombia Full-Time Anywhere in the World,HugeInc Colombia,,https://weworkremotely.com/remote-jobs/hugeinc-qa-lead,We Work Remotely
Manager - Product Design 1d BrowserStack Mumbai Remote Full-Time Anywhere in the World,BrowserStack Mumbai,Remote,https://weworkremotely.com/remote-jobs/browserstack-manager-product-design,We Work Remotely
VodafoneThree - Technical Design Authority 1d Vodafone United Kingdom Full-Time Anywhere in the World,Vodafone United Kingdom,,https://weworkremotely.com/remote-jobs/vodafone-vodafonethree-technical-design-authority,We Work Remotely
Sales Application Engineer-Switchboards 1d Faith Technologies WI - Menasha Full-Time,Faith Technologies WI - Menasha,,https://weworkremotely.com/remote-jobs/faith-technologies-sales-application-engineer-switchboards,We Work Remotely
Technology Design Engineer 1d Worldwide Mission Critical Remote Worker - United States Full-Time Anywhere in the World,Worldwide Mission Critical,Remote,https://weworkremotely.com/remote-jobs/worldwide-mission-critical-technology-design-engineer,We Work Remotely
"Design Release Engineer – Semiconductor 7d GM Warren, Michigan, United States of America Full-Time",GM,,https://weworkremotely.com/remote-jobs/gm-design-release-engineer-semiconductor,We Work Remotely
"Desenvolvedor C# .NET e PHP - Remota 7d Qintess São Paulo, São Paulo, Brazil Full-Time",Qintess São,,https://weworkremotely.com/remote-jobs/qintess-desenvolvedor-csharp-net-e-php-remota,We Work Remotely
"Design Consultant - Exteriors, Louisville, KY 7d Home Depot KENTUCKY - VIRTUAL - KY01 Full-Time",Home Depot KENTUCKY - VIRTUAL - KY01,,https://weworkremotely.com/remote-jobs/home-depot-design-consultant-exteriors-louisville-ky,We Work Remotely
"Buchhalter / Steuerfachangestellte (M/W/D) 7d MOON Tettenweis, BAYERN, 94167, Germany Full-Time",MOON,,https://weworkremotely.com/remote-jobs/moon-buchhalter-steuerfachangestellte-m-w-d,We Work Remotely
"Design Center Manager, NYC 7d Masco US -",Masco US - New York - New York,,https://weworkremotely.com/remote-jobs/masco-design-center-manager-nyc,We Work Remotely
"Lead Product Designer 7d Assemble Los Angeles, CA Full-Time Anywhere in the World",Assemble Los,,https://weworkremotely.com/remote-jobs/assemble-lead-product-designer,We Work Remotely
Service Design Consultant 7d EY Katowice - 2 days in office / 3 days remote Full-Time Anywhere in the World,EY Katowice - 2 days in office / 3 days remote,,https://weworkremotely.com/remote-jobs/ey-service-design-consultant,We Work Remotely
Senior Data Engineering 7d Trinca BR Full-Time Anywhere in the World,Trinca BR,,https://weworkremotely.com/remote-jobs/trinca-senior-data-engineering,We Work Remotely
"Professor Regente - Design Gráfico, Digital e/ou Produto 7d Vitru Educação BR Full-Time Anywhere in the World",Vitru Educação BR,,https://weworkremotely.com/remote-jobs/vitru-educacao-professor-regente-design-grafico-digital-e-ou-produto,We Work Remotely
Design Engineer Part-Time 8d garden3d,"garden3d New York City Contract $50,000 - $74,999 USD",,https://weworkremotely.com/remote-jobs/garden3d-design-engineer-part-time,We Work Remotely
"Architect Concept Design Lead - Remote Job 11d Ssc Hr Solutions Cairo, Cairo Governorate, Egypt Full-Time Anywhere in the World",Ssc Hr Solutions,Remote,https://weworkremotely.com/remote-jobs/ssc-hr-solutions-architect-concept-design-lead-remote-job,We Work Remotely
Design Manager – Sports & Entertainment - Senior 11d Gensler Remote - Australia Full-Time Anywhere in the World,Gensler,Remote,https://weworkremotely.com/remote-jobs/gensler-design-manager-sports-entertainment-senior,We Work Remotely
UX Designer – Design System Pleno 11d Lyncas BR Full-Time Anywhere in the World,Lyncas BR,,https://weworkremotely.com/remote-jobs/lyncas-ux-designer-design-system-pleno,We Work Remotely
[Job 29629] Program Manager Sr- Redesign de Superapp 12d CI&T Brazil Full-Time Anywhere in the World,CI&T Brazil,,https://weworkremotely.com/remote-jobs/ci-t-job-29629-program-manager-sr-redesign-de-superapp,We Work Remotely
Senior Webflow Designer & Developer 11d Huzzle Argentina Full-Time Anywhere in the World,Huzzle Argentina,,https://weworkremotely.com/remote-jobs/huzzle-senior-webflow-designer-developer,We Work Remotely
Electrical Apprentice 11d Power Design Nationwide Full-Time Anywhere in the World,Power Design Nationwide,,https://weworkremotely.com/remote-jobs/power-design-electrical-apprentice,We Work Remotely
FULLY REMOTE CSR JOB - LIVE CHAT ASSISTANT WANTED - TRAINING INCLUDED - USA ONLY 19d WVSU WEST VIRGINIA Full-Time Anywhere in the World,WVSU WEST VIRGINIA,,https://weworkremotely.com/remote-jobs/wvsu-fully-remote-csr-job-live-chat-assistant-wanted-training-included-usa,We Work Remotely
Administrative Assistant 19d Stone & Tile Chicago Contract 🇺🇸 United States of America,,,https://weworkremotely.com/remote-jobs/stone-tile-administrative-assistant,We Work Remotely
"Full Stack AI Engineer 15d Reveleer United States Featured Full-Time $100,000 or more USD Anywhere in the World",Reveleer United States,,https://weworkremotely.com/remote-jobs/reveleer-full-stack-ai-engineer,We Work Remotely
AI Research Engineer 15d Tether El Salvador Featured Full-Time Anywhere in the World,Tether El Salvador,,https://weworkremotely.com/remote-jobs/tether-ai-research-engineer,We Work Remotely
Senior Ruby on Rails Developer 29d OnTheGoSystems Remote Featured Top 100 Full-Time Anywhere in the World,OnTheGoSystems,Remote,https://weworkremotely.com/remote-jobs/onthegosystems-senior-ruby-on-rails-developer-2,We Work Remotely
"Full Stack Web Developer ⏤ Remote Contractor 5d Abstract Stuttgart, DE Full-Time Anywhere in the World",Abstract,Remote,https://weworkremotely.com/remote-jobs/abstract-full-stack-web-developer-remote-contractor,We Work Remotely
"PHP Web Developer 5d https://shiperp.com/ Shaw Blvd, Mandaluyong, Metro Manila, Philippines Full-Time",https://shiperp.com/ Shaw,,https://weworkremotely.com/remote-jobs/https-shiperp-com-php-web-developer,We Work Remotely
E-commerce Web Developer (Next.js / Node.js experience is required) 5d WorkStaff360 Islamabad Full-Time,WorkStaff360 Islamabad,,https://weworkremotely.com/remote-jobs/workstaff360-e-commerce-web-developer-next-js-node-js-experience-is-required,We Work Remotely
Request for Proposals: Website Developer 5d Indigenous Climate Action Canada Full-Time Anywhere in the World,Indigenous Climate Action Canada,,https://weworkremotely.com/remote-jobs/indigenous-climate-action-request-for-proposals-website-developer,We Work Remotely
"Staff Software Engineer (Magic Containers) 6d bunny.net Slovenia Full-Time $100,000 or more USD Anywhere in the World",bunny.net Slovenia,,https://weworkremotely.com/remote-jobs/bunny-net-staff-software-engineer-magic-containers,We Work Remotely
GoHighLevel Expert (Remote) 8d Linkage Web Development [REMOTE] Full-Time,Linkage Web Development [REMOTE],Remote,https://weworkremotely.com/remote-jobs/linkage-web-development-gohighlevel-expert-remote,We Work Remotely
"Facilities Maintenance Coordinator - Tonawanda, NY 8d AHU Technologies Fully Remote - US Full-Time Anywhere in the World",AHU Technologies Fully,Remote,https://weworkremotely.com/remote-jobs/ahu-technologies-facilities-maintenance-coordinator-tonawanda-ny,We Work Remotely
"GxP Instrument Systems Engineer- Norwood, MA 8d AHU Technologies Fully Remote - US Full-Time Anywhere in the World",AHU Technologies Fully,Remote,https://weworkremotely.com/remote-jobs/ahu-technologies-gxp-instrument-systems-engineer-norwood-ma,We Work Remotely
Full-Stack Developer (Node.js) | Website Builder | Based in Poland 13d Hostinger Poland Full-Time Anywhere in the World,Hostinger Poland,,https://weworkremotely.com/remote-jobs/hostinger-full-stack-developer-node-js-website-builder-based-in-poland,We Work Remotely
Senior Linux System Engineer (M/W/D) 13d Anexia Internetdienstleistungs Full-Time Anywhere in the World,Anexia Internetdienstleistungs,,https://weworkremotely.com/remote-jobs/anexia-internetdienstleistungs-senior-linux-system-engineer-m-w-d,We Work Remotely
Web Development Manager (Marketing & Webflow) 13d Adoreal Uruguay Full-Time Anywhere in the World,Adoreal Uruguay,,https://weworkremotely.com/remote-jobs/adoreal-web-development-manager-marketing-webflow,We Work Remotely
Technical Advisor – Training & Quality (M/W/D) 13d Anexia Internetdienstleistungs Full-Time Anywhere in the World,Anexia Internetdienstleistungs,,https://weworkremotely.com/remote-jobs/anexia-internetdienstleistungs-technical-advisor-training-quality-m-w-d,We Work Remotely
Senior AI Engineer / Architect 14d Lemon.io,Lemon.io New,,https://weworkremotely.com/remote-jobs/lemon-io-senior-ai-engineer-architect,We Work Remotely
"Web Developer 19d Community Sports Partners Buenos Aires, Argentina Full-Time",Community Sports Partners Buenos,,https://weworkremotely.com/remote-jobs/community-sports-partners-web-developer,We Work Remotely
"Web Developer (Remote) 19d thehivecareers.co Port of Spain, Trinidad and Tobago Full-Time Anywhere in the World",thehivecareers.co Port of,Remote,https://weworkremotely.com/remote-jobs/thehivecareers-co-web-developer-remote,We Work Remotely
[Active Pooling] Lead Generation Specialist - Virtual Assistant 19d Linkage Web Development [REMOTE] Full-Time,Linkage Web Development [REMOTE],,https://weworkremotely.com/remote-jobs/linkage-web-development-active-pooling-lead-generation-specialist-virtual-assistant,We Work Remotely
"Shopify Developer 19d Swanson Health Fargo, North Dakota, United States Full-Time",Swanson Health,,https://weworkremotely.com/remote-jobs/swanson-health-shopify-developer,We Work Remotely
"Backend Engineer, 80-100% (f/m/x) 21d comparis.ch Zuerich Full-Time $50,000 - $74,999 USD 🇦🇱 Albania 🇧🇦 Bosnia and Herzegovina 🇨🇿 Czechia 🇬🇷 Greece 🇭🇷 Croatia 🇭🇺 Hungary 🇱🇹 Lithuania 🇱🇻 Latvia 🇲🇰 North Macedonia 🇲🇹 Malta 🇵🇱 Poland 🇵🇹 Portugal 🇷🇴 Romania 🇷🇸 Serbia 🇸🇮 Slovenia 🇸🇰 Slovakia 🇹🇷 Türkiye 🇺🇦 Ukraine",comparis.ch Zuerich,,https://weworkremotely.com/remote-jobs/comparis-ch-backend-engineer-80-100-f-m-x,We Work Remotely
"Senior Software Engineer - Backend/Python - USA Only (100% Remote) 28d Close USA Top 100 Full-Time $100,000 or more USD Anywhere in the World",Close USA Top 100,Remote,https://weworkremotely.com/remote-jobs/close-senior-software-engineer-backend-python-usa-only-100-remote-1,We Work Remotely
Blockchain Engineer & Researcher 30d FairGambling Full-Time Anywhere in the World,FairGambling,,https://weworkremotely.com/remote-jobs/fairgambling-blockchain-engineer-researcher,We Work Remotely
"Business Analyst 25d Elite Software Automation Virtual Featured Full-Time $100,000 or more USD Anywhere in the World",Elite Software Automation Virtual,,https://weworkremotely.com/remote-jobs/elite-software-automation-business-analyst-2,We Work Remotely
"Sr Data Scientist, Growth Product",Wealthsimple,Remote,https://weworkremotely.com/remote-jobs/wealthsimple-sr-data-scientist-growth-product,We Work Remotely
"Performance Copywriter 1d MailerLite USA Top 100 Full-Time $50,000 - $74,999 USD Anywhere in the World",MailerLite USA Top 100,,https://weworkremotely.com/remote-jobs/mailerlite-performance-copywriter-1,We Work Remotely
Retail Loan Officer 5d Mission Loans Remote Full-Time,Mission Loans,Remote,https://weworkremotely.com/remote-jobs/mission-loans-retail-loan-officer,We Work Remotely
Head of Project Finance 5d Giga Energy,Giga Energy New,Remote,https://weworkremotely.com/remote-jobs/giga-energy-head-of-project-finance,We Work Remotely
"Senior Accounting Technician 5d Contact Government Services Miami, FL / Remote / Hybrid / Tampa, FL Full-Time",Contact Government Services,Remote,https://weworkremotely.com/remote-jobs/contact-government-services-senior-accounting-technician,We Work Remotely
Financial Controller 5d Conexwest Remote Full-Time Anywhere in the World,Conexwest,Remote,https://weworkremotely.com/remote-jobs/conexwest-financial-controller,We Work Remotely
Client Delivery Project Manager 6d Velera Solutions Remote-USA Full-Time Anywhere in the World,Velera Solutions,Remote,https://weworkremotely.com/remote-jobs/velera-solutions-client-delivery-project-manager,We Work Remotely
Workday Financials - P2P Manager 6d Fortrea Remote India Full-Time Anywhere in the World,Fortrea,Remote,https://weworkremotely.com/remote-jobs/fortrea-workday-financials-p2p-manager,We Work Remotely
Market Director - Chicago 6d Thrivent Remote-Illinois-Chicago Full-Time,Thrivent,Remote,https://weworkremotely.com/remote-jobs/thrivent-market-director-chicago,We Work Remotely
"Senior Solutions Engineer II, Financial Partnerships, APAC 6d Circle Internet Financial Singapore - remote first in Singapore Full-Time Anywhere in the World",Circle Internet Financial Singapore - remote first in Singapore,,https://weworkremotely.com/remote-jobs/circle-internet-financial-senior-solutions-engineer-ii-financial-partnerships-apac,We Work Remotely
"Senior Actuarial Associate (Charlotte, NC (Hybrid) or Remote) 6d Brighthouse Financial North Carolina Full-Time",Brighthouse Financial North Carolina,Remote,https://weworkremotely.com/remote-jobs/brighthouse-financial-senior-actuarial-associate-charlotte-nc-hybrid-or-remote,We Work Remotely
Multi-Jurisdiction Accountant for an International Client Portfolio (Europe) 7d Flag Theory Remote Full-Time 🇦🇩 Andorra 🇦🇱 Albania 🇦🇲 Armenia 🇦🇹 Austria 🇦🇿 Azerbaijan 🇧🇦 Bosnia and Herzegovina 🇧🇪 Belgium 🇧🇬 Bulgaria 🇧🇾 Belarus 🇨🇭 Switzerland 🇨🇾 Cyprus 🇨🇿 Czechia 🇩🇪 Germany 🇩🇰 Denmark 🇪🇪 Estonia 🇪🇸 Spain 🇫🇮 Finland 🇫🇷 France 🇬🇪 Georgia 🇬🇬 Guernsey 🇬🇷 Greece 🇭🇷 Croatia 🇭🇺 Hungary 🇮🇪 Ireland 🇮🇲 Isle of Man 🇮🇸 Iceland 🇮🇹 Italy 🇱🇹 Lithuania 🇱🇻 Latvia 🇲🇩 Moldova (Republic of) 🇲🇪 Montenegro 🇲🇰 North Macedonia 🇲🇹 Malta 🇲🇺 Mauritius 🇳🇱 Netherlands 🇳🇴 Norway 🇵🇱 Poland 🇵🇹 Portugal 🇷🇴 Romania 🇷🇸 Serbia 🇸🇨 Seychelles 🇸🇪 Sweden 🇸🇮 Slovenia 🇸🇰 Slovakia 🇹🇷 Türkiye 🇺🇦 Ukraine,Flag Theory,Remote,https://weworkremotely.com/remote-jobs/flag-theory-multi-jurisdiction-accountant-for-an-international-client-portfolio-europe,We Work Remotely
Product Manager 8d Yei Finance Spain Full-Time Anywhere in the World,Yei Finance Spain,,https://weworkremotely.com/remote-jobs/yei-finance-product-manager,We Work Remotely
Product Designer 8d Made Card,Made Card New York City,,https://weworkremotely.com/remote-jobs/made-card-product-designer,We Work Remotely
System Finance and Special Projects Manager 11d Boston Medical Center Remote Full-Time Anywhere in the World,Boston Medical Center,Remote,https://weworkremotely.com/remote-jobs/boston-medical-center-system-finance-and-special-projects-manager,We Work Remotely
Strategic Account Executive 11d Collectly United States Full-Time Anywhere in the World,Collectly United States,,https://weworkremotely.com/remote-jobs/collectly-strategic-account-executive,We Work Remotely
"Senior Consultant Microsoft Dynamics 365 FSCM - Finance (all genders) 11d Arineo Butzbach, Hesse, 35510, Germany Full-Time",Arineo,,https://weworkremotely.com/remote-jobs/arineo-senior-consultant-microsoft-dynamics-365-fscm-finance-all-genders,We Work Remotely
Assistant-e en gestion financière et comptable 11d Inserm 15 rue de l'Ecole de Médecine 75006 Paris Full-Time,Inserm 15 rue de l'Ecole de Médecine 75006 Paris,,https://weworkremotely.com/remote-jobs/inserm-assistant-e-en-gestion-financiere-et-comptable,We Work Remotely
"Chief Financial Officer 11d Blossom Remote, Florida, 33146 United States Full-Time",Blossom,Remote,https://weworkremotely.com/remote-jobs/blossom-chief-financial-officer,We Work Remotely
"Director of Strategic Accounts 13d Wealth.com Remote, United States Full-Time Anywhere in the World",Wealth.com,Remote,https://weworkremotely.com/remote-jobs/wealth-com-director-of-strategic-accounts,We Work Remotely
Pollution Claims Adjuster III | Fully Remote 13d Allianz Full-Time Anywhere in the World,Allianz,Remote,https://weworkremotely.com/remote-jobs/allianz-pollution-claims-adjuster-iii-fully-remote,We Work Remotely
"Sales (WFH) 13d Spieldenner Financial Group Spokane, WA Full-Time",Spieldenner Financial Group,,https://weworkremotely.com/remote-jobs/spieldenner-financial-group-sales-wfh,We Work Remotely
"Senior Private Wealth Advisor, Practice Lead - Florida region 13d Empower Retirement FL Miami - Remote Full-Time",Empower Retirement FL Miami -,Remote,https://weworkremotely.com/remote-jobs/empower-retirement-senior-private-wealth-advisor-practice-lead-florida-region,We Work Remotely
"GL Accountant 13d eClerx Muntinlupa City, Philippines Full-Time Anywhere in the World",eClerx Muntinlupa,,https://weworkremotely.com/remote-jobs/eclerx-gl-accountant,We Work Remotely
"Senior Software Engineer II 29d Boosted listing Nomad Denver CO Boosted Featured Full-Time $100,000 or more USD 🇺🇲 United States Minor Outlying Islands 🇺🇸 United States of America",Boosted listing Nomad Denver CO Boosted,,https://weworkremotely.com/remote-jobs/nomad-senior-software-engineer-ii,We Work Remotely
Senior QA Engineer 6d Cortes 23 Remote Featured Full-Time Anywhere in the World,Cortes 23,Remote,https://weworkremotely.com/remote-jobs/cortes-23-senior-qa-engineer-2,We Work Remotely
Senior Independent AI Engineer / Architect 10d A.Team NYC and TLV Contract Anywhere in the World,A.Team NYC and TLV Contract,,https://weworkremotely.com/remote-jobs/a-team-senior-independent-ai-engineer-architect,We Work Remotely
Senior Independent Software Developer ($90-$170/hr) 10d A.Team NYC and TLV Contract Anywhere in the World,A.Team NYC and TLV Contract,,https://weworkremotely.com/remote-jobs/a-team-senior-independent-software-developer-90-170-hr,We Work Remotely
"Senior Shopify Developer (Remote + Flexible) 15d Storetasker Brooklyn, NY Contract Anywhere in the World",Storetasker,Remote,https://weworkremotely.com/remote-jobs/storetasker-senior-shopify-developer-remote-flexible-3,We Work Remotely
Java/DevOps Senior Pipelines CI/CD y Docker,Knowmad Mood Pl. de,,https://weworkremotely.com/remote-jobs/knowmad-mood-java-devops-senior-pipelines-ci-cd-y-docker,We Work Remotely
Senior DevOps Engineer,Mirantis,,https://weworkremotely.com/remote-jobs/mirantis-senior-devops-engineer,We Work Remotely
Product Support Specialist,Mongoose Buffalo / Atlanta / Austin / Chicago / Boston / Denver / Los Angeles / San Francisco / Philadelphia,,https://weworkremotely.com/remote-jobs/mongoose-product-support-specialist,We Work Remotely
Software engineer 4d Sticker Mule,Sticker Mule New,,https://weworkremotely.com/remote-jobs/sticker-mule-software-engineer-3,We Work Remotely
DevOps Engineer 4d Thrill Labs Remote from EU Full-Time Anywhere in the World,Thrill Labs,Remote,https://weworkremotely.com/remote-jobs/thrill-labs-devops-engineer,We Work Remotely
Product Engineer 4d Vvd Canada Full-Time Anywhere in the World,Vvd Canada,,https://weworkremotely.com/remote-jobs/vvd-product-engineer,We Work Remotely
"Senior Full Stack Engineer 5d Aguru UK Ltd United Kingdom Contract $75,000 - $99,999 USD Anywhere in the World","Aguru UK Ltd United Kingdom Contract $75,000 - $99,999 USD",,https://weworkremotely.com/remote-jobs/aguru-uk-ltd-senior-full-stack-engineer,We Work Remotely
Product Marketing Manager 6d Super.Com Canada Full-Time Anywhere in the World,Super.Com Canada,,https://weworkremotely.com/remote-jobs/super-com-product-marketing-manager,We Work Remotely
"Network DevOps Engineer, RDMA Fabric Automation 6d Vultr Remote - United States Full-Time Anywhere in the World",Vultr,Remote,https://weworkremotely.com/remote-jobs/vultr-network-devops-engineer-rdma-fabric-automation,We Work Remotely
"Full-Stack Web App Developer Saas (Mid-Senior) 7d FatturaElettronica APP Milan, IT Full-Time Anywhere in the World",FatturaElettronica APP,,https://weworkremotely.com/remote-jobs/fatturaelettronica-app-full-stack-web-app-developer-saas-mid-senior,We Work Remotely
Senior Full Stack Product Engineer 7d Dentology UK (Remote) Full-Time Anywhere in the World,Dentology UK (Remote),Remote,https://weworkremotely.com/remote-jobs/dentology-senior-full-stack-product-engineer,We Work Remotely
Product Designer 8d Umbrel Remote Full-Time Anywhere in the World,Umbrel,Remote,https://weworkremotely.com/remote-jobs/umbrel-product-designer,We Work Remotely
Customer Support (technical) 8d Umbrel Remote Full-Time Anywhere in the World,Umbrel,Remote,https://weworkremotely.com/remote-jobs/umbrel-customer-support-technical,We Work Remotely
Customer Support (non-technical) 10d Umbrel Remote Full-Time Anywhere in the World,Umbrel,Remote,https://weworkremotely.com/remote-jobs/umbrel-customer-support-non-technical,We Work Remotely
Full Stack Product Engineer 10d Dentology UK (Remote) Full-Time Anywhere in the World,Dentology UK (Remote),Remote,https://weworkremotely.com/remote-jobs/dentology-full-stack-product-engineer,We Work Remotely
DevOps Engineer 10d Patrianna Ukraine Full-Time Anywhere in the World,Patrianna Ukraine,,https://weworkremotely.com/remote-jobs/patrianna-devops-engineer,We Work Remotely
"Founding Engineer 11d Memora ApS Copenhagen, Denmark Full-Time $100,000 or more USD Anywhere in the World",Memora ApS,,https://weworkremotely.com/remote-jobs/memora-aps-founding-engineer,We Work Remotely
"Web Applications Developer - Sacramento, CA 11d AHU Technologies Fully Remote - US Full-Time Anywhere in the World",AHU Technologies Fully,Remote,https://weworkremotely.com/remote-jobs/ahu-technologies-web-applications-developer-sacramento-ca,We Work Remotely
Senior Software Development Engineer in Test II - Automation 11d Akamai United States Full-Time Anywhere in the World,Akamai United States,,https://weworkremotely.com/remote-jobs/akamai-senior-software-development-engineer-in-test-ii-automation,We Work Remotely
"Support Engineer – SQL & Web Applications (Remote - Mexico Only) 11d Varicent Tijuana, Mexico Full-Time Anywhere in the World",Varicent,Remote,https://weworkremotely.com/remote-jobs/varicent-support-engineer-sql-web-applications-remote-mexico-only,We Work Remotely
