job_url,raw_text,source
https://weworkremotely.com/remote-jobs/toptal-authentication-engineer,Authentication Engineer New Toptal Remote Featured Top 100 Contract 🇺🇸 United States of America,We Work Remotely
https://weworkremotely.com/remote-jobs/native-camp-online-english-teacher-33,Online English Teacher 5d Native Camp Japan Featured Contract Anywhere in the World,We Work Remotely
https://weworkremotely.com/remote-jobs/lemon-io-senior-ui-ux-graphic-designer,"Senior UI&UX / Graphic Designer 7d Lemon.io New York, NY Featured Top 100 Full-Time 🇦🇩 Andorra 🇦🇱 Albania 🇦🇷 Argentina 🇦🇹 Austria 🇦🇺 Australia 🇧🇦 Bosnia and Herzegovina 🇧🇪 Belgium 🇧🇷 Brazil 🇧🇿 Belize 🇨🇦 Canada 🇨🇭 Switzerland 🇨🇱 Chile 🇨🇴 Colombia 🇨🇷 Costa Rica 🇨🇾 Cyprus 🇨🇿 Czechia 🇩🇪 Germany 🇩🇰 Denmark 🇩🇴 Dominican Republic 🇪🇨 Ecuador 🇪🇪 Estonia 🇪🇸 Spain 🇫🇮 Finland 🇫🇷 France 🇬🇧 United Kingdom of Great Britain and Northern Ireland 🇬🇷 Greece 🇬🇹 Guatemala 🇭🇳 Honduras 🇭🇷 Croatia 🇭🇹 Haiti 🇮🇩 Indonesia 🇮🇪 Ireland 🇮🇱 Israel 🇮🇹 Italy 🇯🇲 Jamaica 🇯🇵 Japan 🇰🇷 Korea (Republic of) 🇱🇹 Lithuania 🇱🇺 Luxembourg 🇱🇻 Latvia 🇲🇦 Morocco 🇲🇩 Moldova (Republic of) 🇲🇪 Montenegro 🇲🇰 North Macedonia 🇲🇹 Malta 🇲🇽 Mexico 🇲🇾 Malaysia 🇳🇱 Netherlands 🇳🇴 Norway 🇳🇿 New Zealand 🇵🇦 Panama 🇵🇪 Peru 🇵🇬 Papua New Guinea 🇵🇭 Philippines 🇵🇱 Poland 🇵🇷 Puerto Rico 🇵🇹 Portugal 🇵🇾 Paraguay 🇷🇴 Romania 🇸🇪 Sweden 🇸🇬 Singapore 🇸🇮 Slovenia 🇸🇰 Slovakia 🇸🇻 El Salvador 🇹🇭 Thailand 🇺🇦 Ukraine 🇺🇸 United States of America 🇺🇾 Uruguay 🇻🇳 Viet Nam 🇿🇦 South Africa",We Work Remotely
https://weworkremotely.com/remote-jobs/nogigiddy-remote-data-entry-clerk-7,"Remote Data Entry Clerk 8d NoGigiddy Atlanta, Georgia Featured Top 100 Contract Anywhere in the World",We Work Remotely
https://weworkremotely.com/remote-jobs/dataannotation-tech-ft-pt-remote-ai-prompt-engineering-evaluation-will-train,"FT/PT Remote AI Prompt Engineering & Evaluation - Will Train 12d DataAnnotation.tech New York, NY Featured Contract North America Only EMEA Only Asia Only",We Work Remotely
https://weworkremotely.com/remote-jobs/infiniti-group-ltd-entry-level-junior-trader-remote-1,"Entry Level Junior Trader (Remote) 16d Infiniti Group Ltd Infiniti Group Ltd Featured Full-Time $50,000 - $74,999 USD Anywhere in the World",We Work Remotely
https://weworkremotely.com/remote-jobs/toptal-marketing-data-scientist,Marketing Data Scientist 21d Toptal Remote Featured Top 100 Contract 🇦🇷 Argentina 🇧🇷 Brazil 🇨🇱 Chile 🇨🇴 Colombia 🇨🇷 Costa Rica 🇲🇽 Mexico,We Work Remotely
https://weworkremotely.com/remote-jobs/ae-virtual-class-s-a-native-language-editors,Native language editors 21d AE Virtual Class S.A Panama Featured Contract Anywhere in the World,We Work Remotely
https://weworkremotely.com/remote-jobs/prowritersites-freelance-writer,Freelance Writer 24d ProWriterSites New York Featured Contract Anywhere in the World,We Work Remotely
https://weworkremotely.com/remote-jobs/toptal-ai-engineer-python-develope,AI Engineer/Python Develope 26d Toptal Remote Featured Top 100 Contract 🇮🇳 India,We Work Remotely
https://weworkremotely.com/remote-jobs/remote-talent-cloud-remote-ai-training-20-hr-united-states,"Remote AI Training - $20/hr - United States 27d Remote Talent Cloud Cheyenne, WY Featured Contract Anywhere in the World",We Work Remotely
https://weworkremotely.com/remote-jobs/kodify-media-group-software-development-engineer-in-test-sdet-1,"Software Development Engineer in Test (SDET) 2d Kodify Media Group Barcelona, Spain Full-Time 🇦🇩 Andorra 🇦🇹 Austria 🇧🇦 Bosnia and Herzegovina 🇧🇬 Bulgaria 🇨🇿 Czechia 🇪🇪 Estonia 🇪🇸 Spain 🇫🇷 France 🇬🇷 Greece 🇭🇷 Croatia 🇭🇺 Hungary 🇮🇪 Ireland 🇮🇹 Italy 🇱🇹 Lithuania 🇱🇻 Latvia 🇲🇰 North Macedonia 🇵🇱 Poland 🇵🇹 Portugal 🇷🇴 Romania 🇷🇸 Serbia 🇸🇮 Slovenia 🇸🇰 Slovakia",We Work Remotely
https://weworkremotely.com/remote-jobs/twiceasnice-recruiting-vice-president-of-sales-marketing-govtech-saas-public-sector-focus,"Vice President of Sales & Marketing – GovTech SaaS, Public Sector Focus 4d #twiceasnice Recruiting REMOTE, None Full-Time Anywhere in the World",We Work Remotely
https://weworkremotely.com/remote-jobs/oura-manager-global-financial-reporting,"Manager, Global Financial Reporting 5d Ōura Remote - United States Full-Time Anywhere in the World",We Work Remotely
https://weworkremotely.com/remote-jobs/sec-service-enterprise-consulting-werkstudent-m-w-d-sap-consulting-im-kundenservice,"Werkstudent (m/w/d) SAP-Consulting im Kundenservice 5d SEC Service Enterprise Consulting Altrottstraße 31 Walldorf, Baden-Württemberg, 69190 Germany Full-Time",We Work Remotely
https://weworkremotely.com/remote-jobs/telus-digital-quality-assurance-rater-german-germany,"Quality Assurance Rater - German (Germany) 6d TELUS Digital Las Vegas, Nevada Contract 🇩🇪 Germany",We Work Remotely
https://weworkremotely.com/remote-jobs/palette-media-director-of-product-and-data-innovation,Director of Product and Data Innovation 7d Palette Media United States Full-Time Anywhere in the World,We Work Remotely
https://weworkremotely.com/remote-jobs/lyncas-ux-designer-design-system-sr,UX Designer – Design System SR 8d Lyncas BR Full-Time Anywhere in the World,We Work Remotely
https://weworkremotely.com/remote-jobs/luby-profissional-lider-de-implantacao-remoto,Profissional Líder de Implantação - Remoto 8d Luby BR Full-Time Anywhere in the World,We Work Remotely
https://weworkremotely.com/remote-jobs/nuvemshop-product-marketing-analyst,Product Marketing Analyst 8d Nuvemshop BR Full-Time Anywhere in the World,We Work Remotely
https://weworkremotely.com/remote-jobs/jms-technical-solutions-solutions-engineer-network-automation-consultant-python-nautobot-saas,"Solutions Engineer / Network Automation Consultant (Python, Nautobot SaaS) 7d JMS Technical Solutions Remote Full-Time Anywhere in the World",We Work Remotely
https://weworkremotely.com/remote-jobs/bentley-systems-associate-consultant,Associate Consultant 8d Bentley Systems Canada Full-Time Anywhere in the World,We Work Remotely
https://weworkremotely.com/remote-jobs/persona-talent-virtual-assistant,"Virtual Assistant 12d Persona Talent San Francisco, California, USA Full-Time Anywhere in the World",We Work Remotely
https://weworkremotely.com/remote-jobs/everai-mid-senior-ai-cinematic-video-editor-full-remote-worldwide,"Mid/Senior AI Cinematic Video Editor (Full Remote - Worldwide) 12d EverAI Croatia Full-Time $75,000 - $99,999 USD Anywhere in the World",We Work Remotely
https://weworkremotely.com/remote-jobs/telus-digital-online-data-analyst-united-states-spanish-speakers-1,"Online Data Analyst United States Spanish speakers 13d TELUS Digital Las Vegas, Nevada Contract 🇺🇸 United States of America",We Work Remotely
https://weworkremotely.com/remote-jobs/bnk-to-the-future-graphic-web-designer,"Graphic & Web Designer 1d Bnk To The Future Your Laptop!, Remote, Philippines Full-Time",We Work Remotely
https://weworkremotely.com/remote-jobs/ahu-technologies-data-analyst-curam,Data Analyst/ Curam 1d AHU Technologies Fully Remote - US Full-Time Anywhere in the World,We Work Remotely
https://weworkremotely.com/remote-jobs/pavago-website-designer,Website Designer 1d Pavago South Africa Full-Time Anywhere in the World,We Work Remotely
https://weworkremotely.com/remote-jobs/drivetrain-ui-ux-website-designer-copy,UI/UX Website Designer (copy) 1d Drivetrain India Full-Time Anywhere in the World,We Work Remotely
https://weworkremotely.com/remote-jobs/ahu-technologies-tax-analyst-bloomington-il,"Tax Analyst- Bloomington, IL 6d AHU Technologies Fully Remote - US Full-Time Anywhere in the World",We Work Remotely
https://weworkremotely.com/remote-jobs/air-apps-framer-website-designer,Framer Website Designer 6d Air Apps Rome Metropolitain Full-Time,We Work Remotely
https://weworkremotely.com/remote-jobs/ninjaone-localization-web-developer,Localization Web Developer 5d NinjaOne Remote Full-Time Anywhere in the World,We Work Remotely
https://weworkremotely.com/remote-jobs/ahu-technologies-senior-technical-business-analyst-atlanta-ga,"Senior Technical Business Analyst- Atlanta, GA 5d AHU Technologies Fully Remote - US Full-Time Anywhere in the World",We Work Remotely
https://weworkremotely.com/remote-jobs/mobena-frontend-engineer,"Frontend Engineer 6d Mobena New York, NY Full-Time $75,000 - $99,999 USD 🇺🇸 United States of America",We Work Remotely
https://weworkremotely.com/remote-jobs/olsson-licensed-civil-engineer-site-design,"Licensed Civil Engineer - Site Design 7d Olsson Dallas, TX; Fort Worth, TX; Oklahoma City, OK; Texas - Remote; Tulsa, OK Full-Time",We Work Remotely
https://weworkremotely.com/remote-jobs/paired-senior-web-developer-for-a-dtc-company-us-based-remote,Senior Web Developer for a DTC Company (US-Based/Remote) 7d Paired Argentina Full-Time Anywhere in the World,We Work Remotely
https://weworkremotely.com/remote-jobs/willow-health-senior-web-designer,Senior Web Designer 7d Willow Health Brazil (Remote) Full-Time Anywhere in the World,We Work Remotely
https://weworkremotely.com/remote-jobs/rehire-senior-web-developer-wordpress-shopify,Senior Web Developer (WordPress & Shopify) 7d Rehire Colombia Full-Time Anywhere in the World,We Work Remotely
https://weworkremotely.com/remote-jobs/cai-senior-frontend-web-developer,Senior Frontend Web Developer 8d CAI IL-CLIENT-STATE Full-Time,We Work Remotely
https://weworkremotely.com/remote-jobs/ahu-technologies-electrical-engineer-tonawanda-ny,"Electrical Engineer - Tonawanda, NY 8d AHU Technologies Fully Remote - US Full-Time Anywhere in the World",We Work Remotely
https://weworkremotely.com/remote-jobs/servicetitan-web-developer,Web Developer 8d ServiceTitan Canada Ontario Remote Full-Time Anywhere in the World,We Work Remotely
https://weworkremotely.com/remote-jobs/ahu-technologies-manager-business-development-remote-fulltime,Manager – Business Development (Remote - FullTime) 12d AHU Technologies Fully Remote - US Full-Time Anywhere in the World,We Work Remotely
https://weworkremotely.com/remote-jobs/activate-talent-senior-shopify-web-developer,Senior Shopify Web Developer 11d Activate Talent Colombia Full-Time Anywhere in the World,We Work Remotely
https://weworkremotely.com/remote-jobs/intercontinental-recruiting-front-end-web-developer-wfh,"Front End Web Developer, WFH 11d InterContinental Recruiting Sofia, Sofia · Information Technology Full-Time",We Work Remotely
https://weworkremotely.com/remote-jobs/speechify-inc-senior-software-engineer-web-1,"Senior Software Engineer, Web 25d Speechify Inc Florida Contract $100,000 or more USD Anywhere in the World",We Work Remotely
https://weworkremotely.com/remote-jobs/luxury-presence-staff-software-engineer-ai-website-builder-us-remote,Staff Software Engineer - AI Website Builder - US (Remote) 26d Luxury Presence United States Full-Time Anywhere in the World,We Work Remotely
https://weworkremotely.com/remote-jobs/radix-profissional-web-designer-senior-1,Profissional Web Designer Sênior 19d Radix BR Full-Time Anywhere in the World,We Work Remotely
https://weworkremotely.com/remote-jobs/vinta-senior-product-manager-remote-13-5-18-3k-clt,Senior Product Manager - Remote - 13.5-18.3k CLT 26d Vinta BR Full-Time Anywhere in the World,We Work Remotely
https://weworkremotely.com/remote-jobs/bruker-corporation-working-student-m-f-d-devops-software-development,"Working Student (m/f/d) DevOps – Software Development 2d Bruker Corporation Ettlingen, Baden-Württemberg, Germany Full-Time",We Work Remotely
https://weworkremotely.com/remote-jobs/charles-river-senior-infosec-engineer-secdevops-remote,Senior InfoSec Engineer (SecDevOps) - (REMOTE) 2d Charles River India Full-Time,We Work Remotely
https://weworkremotely.com/remote-jobs/golden-1-credit-union-it-infrastructure-systems-devops-engineer-ii-remote-in-ca,"IT - Infrastructure Systems - DevOps Engineer II (Remote in CA only) 2d Golden 1 Credit Union 8945 Cal Center Dr, Sacramento, CA 95826, USA Full-Time",We Work Remotely
https://weworkremotely.com/remote-jobs/perforce-senior-sales-engineer-delphix,Senior Sales Engineer - Delphix 2d Perforce Argentina / Santiago Full-Time Anywhere in the World,We Work Remotely
https://weworkremotely.com/remote-jobs/deutsche-telekom-it-solutions-slovakia-devops-engineer-ref1752r-m-f-d,"DevOps Engineer REF1752R (m/f/d) 2d Deutsche Telekom IT Solutions Slovakia Moldavská cesta, 040 11 Košice, Slovakia Full-Time",We Work Remotely
https://weworkremotely.com/remote-jobs/revvity-principal-devops-engineer-build-release-and-cloud-automation,"Principal DevOps Engineer – Build, Release and Cloud Automation 6d Revvity India - Remote Full-Time Anywhere in the World",We Work Remotely
https://weworkremotely.com/remote-jobs/runware-staff-devops-engineer,Staff DevOps Engineer 6d Runware United Kingdom Full-Time Anywhere in the World,We Work Remotely
https://weworkremotely.com/remote-jobs/career-team-enterprises-devops-engineer,DevOps Engineer 6d Career Team Enterprises Remote in the Philippines Full-Time Anywhere in the World,We Work Remotely
https://weworkremotely.com/remote-jobs/intelmatix-mid-senior-devops-engineer-egypt,Mid/Senior DevOps Engineer (Egypt) 6d Intelmatix Full-Time Anywhere in the World,We Work Remotely
https://weworkremotely.com/remote-jobs/hyundai-motors-devops-virtual-development-engineer,DevOps Virtual Development Engineer 6d HYUNDAI MOTORS Full-Time Anywhere in the World,We Work Remotely
https://weworkremotely.com/remote-jobs/vitru-educacao-professor-a-autor-a-curadoria-e-validacao-de-conteudo-microservices-com-node-js-e-message,Professor(a)-autor(a) | Curadoria e Validação de Conteúdo - MICROSERVICES COM NODE.JS E MESSAGE BROKERS - EdTech | Vitru 9d Vitru Educação BR Full-Time Anywhere in the World,We Work Remotely
https://weworkremotely.com/remote-jobs/premiersoft-devops-e-platform-senior-remoto,DevOps e Platform Sênior| Remoto 9d Premiersoft BR Full-Time Anywhere in the World,We Work Remotely
https://weworkremotely.com/remote-jobs/covent-it-devops-engineer-contract,DevOps Engineer (contract) 9d Covent IT Remote work Full-Time Anywhere in the World,We Work Remotely
https://weworkremotely.com/remote-jobs/lemon-io-senior-platform-site-reliability-engineer,"Senior Platform/Site Reliability Engineer 8d Lemon.io New York, NY Top 100 Full-Time 🇦🇩 Andorra 🇦🇱 Albania 🇦🇷 Argentina 🇦🇹 Austria 🇦🇺 Australia 🇧🇦 Bosnia and Herzegovina 🇧🇪 Belgium 🇧🇴 Bolivia (Plurinational State of) 🇧🇷 Brazil 🇧🇿 Belize 🇨🇦 Canada 🇨🇭 Switzerland 🇨🇱 Chile 🇨🇴 Colombia 🇨🇷 Costa Rica 🇨🇾 Cyprus 🇨🇿 Czechia 🇩🇪 Germany 🇩🇰 Denmark 🇩🇴 Dominican Republic 🇪🇨 Ecuador 🇪🇪 Estonia 🇪🇸 Spain 🇫🇮 Finland 🇫🇷 France 🇬🇧 United Kingdom of Great Britain and Northern Ireland 🇬🇷 Greece 🇬🇹 Guatemala 🇭🇳 Honduras 🇭🇷 Croatia 🇭🇹 Haiti 🇮🇩 Indonesia 🇮🇪 Ireland 🇮🇱 Israel 🇮🇹 Italy 🇯🇲 Jamaica 🇯🇵 Japan 🇰🇷 Korea (Republic of) 🇱🇹 Lithuania 🇱🇺 Luxembourg 🇱🇻 Latvia 🇲🇦 Morocco 🇲🇩 Moldova (Republic of) 🇲🇪 Montenegro 🇲🇰 North Macedonia 🇲🇹 Malta 🇲🇽 Mexico 🇲🇾 Malaysia 🇳🇱 Netherlands 🇳🇴 Norway 🇳🇿 New Zealand 🇵🇦 Panama 🇵🇪 Peru 🇵🇬 Papua New Guinea 🇵🇭 Philippines 🇵🇱 Poland 🇵🇷 Puerto Rico 🇵🇹 Portugal 🇵🇾 Paraguay 🇷🇴 Romania 🇸🇪 Sweden 🇸🇬 Singapore 🇸🇮 Slovenia 🇸🇰 Slovakia 🇸🇻 El Salvador 🇹🇭 Thailand 🇺🇦 Ukraine 🇺🇸 United States of America 🇺🇾 Uruguay 🇻🇳 Viet Nam 🇿🇦 South Africa",We Work Remotely
https://weworkremotely.com/remote-jobs/cubos-tecnologia-banco-de-talentos-pessoa-desenvolvedora-backend-pleno,[Banco de Talentos] Pessoa Desenvolvedora Backend Pleno 13d Cubos Tecnologia BR Full-Time Anywhere in the World,We Work Remotely
https://weworkremotely.com/remote-jobs/binance-senior-solutions-engineer-api-python-node-js,"Senior Solutions Engineer (API, Python, Node.JS) 13d Binance Europe / Global / Ireland, Dublin / United Kingdom, London / Asia / Japan, Tokyo / Hong Kong / Australia, Brisbane / Australia, Melbourne / Australia, Sydney / Estonia, Tallinn / Greece, Athens / India, Bangalore / Philippines, Manila Full-Time Anywhere in the World",We Work Remotely
https://weworkremotely.com/remote-jobs/premiersoft-engenheiro-devops-github-e-ci-cd-remoto,Engenheiro DevOps (GitHub e CI/CD) | Remoto 13d Premiersoft BR Full-Time Anywhere in the World,We Work Remotely
https://weworkremotely.com/remote-jobs/bluematrix-devops-engineer-emea-us-shift,DevOps Engineer - EMEA/US Shift 13d BlueMatrix Hyderabad Full-Time Anywhere in the World,We Work Remotely
https://weworkremotely.com/remote-jobs/lightup-network-solutions-gmbh-co-kg-technical-product-lead-for-innovative-telecom-services,"Technical Product Lead for Innovative Telecom Services - 100% Remote - 6 hours per day 15d Lightup Network Solutions GmbH & Co. KG Frankfurt, Germany Full-Time $25,000 - $48,999 USD Anywhere in the World",We Work Remotely
https://weworkremotely.com/remote-jobs/fiap-bdr-outbound-pre-vendas,BDR - outbound - Pré-vendas 19d FIAP BR Full-Time Anywhere in the World,We Work Remotely
https://weworkremotely.com/remote-jobs/cubos-tecnologia-banco-de-talentos-pessoa-desenvolvedora-frontend-junior,[Banco de Talentos] Pessoa Desenvolvedora Frontend Junior 19d Cubos Tecnologia BR Full-Time Anywhere in the World,We Work Remotely
https://weworkremotely.com/remote-jobs/cubos-tecnologia-banco-de-talentos-pessoa-desenvolvedora-flutter-pleno,[Banco de Talentos] Pessoa Desenvolvedora Flutter Pleno 19d Cubos Tecnologia BR Full-Time Anywhere in the World,We Work Remotely
https://weworkremotely.com/remote-jobs/cubos-tecnologia-banco-de-talentos-pessoa-desenvolvedora-frontend-pleno,[Banco de Talentos] Pessoa Desenvolvedora Frontend Pleno 19d Cubos Tecnologia BR Full-Time Anywhere in the World,We Work Remotely
https://weworkremotely.com/remote-jobs/ignition-inc-mac-msp-help-desk-guru-work-from-home,"Mac MSP Help Desk Guru (work from home) 20d Ignition, Inc. ignitionit.com Full-Time $50,000 - $74,999 USD Anywhere in the World",We Work Remotely
https://weworkremotely.com/remote-jobs/centralreach-director-ai-product-development,"Director, AI Product Development 25d Centralreach Remote - US Full-Time Anywhere in the World",We Work Remotely
https://weworkremotely.com/remote-jobs/remote-talent-cloud-remote-customer-support-20-hr-united-states-5,"Remote Customer Support - $20/hr - United States 2d Boosted listing Remote Talent Cloud Cheyenne, WY Boosted Featured Contract Anywhere in the World",We Work Remotely
https://weworkremotely.com/remote-jobs/bask-health-senior-customer-success-manager-1,Senior Customer Success Manager 6d Bask Health United States Featured Full-Time Anywhere in the World,We Work Remotely
https://weworkremotely.com/remote-jobs/bask-health-customer-success-account-manager-1,Customer Success Account Manager 15d Bask Health United States Featured Full-Time Anywhere in the World,We Work Remotely
https://weworkremotely.com/remote-jobs/level-support-engineer,"Support Engineer 12d Level Asheville, NC Featured Full-Time $75,000 - $99,999 USD Anywhere in the World",We Work Remotely
https://weworkremotely.com/remote-jobs/onthegosystems-head-of-customer-success,Head of Customer Success 13d OnTheGoSystems Remote Featured Top 100 Full-Time Anywhere in the World,We Work Remotely
https://weworkremotely.com/remote-jobs/crae-group-ltd-customer-support-agent-remote,"Customer Support Agent (Remote) 14d CRAE GROUP LTD Cyprus Featured Full-Time $10,000 - $25,000 USD 🇧🇬 Bulgaria 🇨🇾 Cyprus 🇪🇪 Estonia 🇭🇺 Hungary 🇱🇹 Lithuania 🇱🇻 Latvia 🇵🇱 Poland 🇷🇴 Romania 🇷🇸 Serbia 🇸🇰 Slovakia 🇺🇦 Ukraine",We Work Remotely
https://weworkremotely.com/remote-jobs/nogigiddy-entry-level-account-manager-4,"Entry-Level Account Manager 28d NoGigiddy Atlanta, Georgia Featured Top 100 Contract Anywhere in the World",We Work Remotely
https://weworkremotely.com/remote-jobs/ey-studio-nederland-ms-dynamics-365-crm-consultant-katowice,MS Dynamics 365 CRM Consultant - Katowice 2d EY Studio+ Nederland Katowice - 2 days in office / 3 days remote Full-Time Anywhere in the World,We Work Remotely
https://weworkremotely.com/remote-jobs/valorx-senior-qa-automation,Senior QA Automation 2d Valorx Remote Full-Time Anywhere in the World,We Work Remotely
https://weworkremotely.com/remote-jobs/abbott-sr-clinical-specialist-crm-st-petersburg-fl,"Sr. Clinical Specialist, CRM - St Petersburg, FL 2d Abbott United States of America : Remote Full-Time",We Work Remotely
https://weworkremotely.com/remote-jobs/welltech-crm-technical-specialist,CRM Technical Specialist 2d Welltech Ukraine Full-Time Anywhere in the World,We Work Remotely
https://weworkremotely.com/remote-jobs/servicenow-sr-crm-account-executive-manufacturing,"Sr. CRM Account Executive - Manufacturing 2d ServiceNow 176 North Racine Ave, Suite 500, Chicago, Illinois, United States Full-Time",We Work Remotely
https://weworkremotely.com/remote-jobs/zapiet-merchant-support-specialist-2,Merchant Support Specialist 2d Zapiet United Kingdom Full-Time Anywhere in the World,We Work Remotely
https://weworkremotely.com/remote-jobs/sonova-international-business-crm-analyst-remote,Business & CRM Analyst | Remote 5d Sonova International Mexico Full-Time Anywhere in the World,We Work Remotely
https://weworkremotely.com/remote-jobs/air-apps-crm-specialist,CRM Specialist 5d Air Apps Rome Metropolitain Full-Time,We Work Remotely
https://weworkremotely.com/remote-jobs/medtronic-crm-_-dss-_-zhengzhou,"CRM _ DSS _ Zhengzhou 5d Medtronic Zhengzhou, Henan, China Full-Time Anywhere in the World",We Work Remotely
https://weworkremotely.com/remote-jobs/accenture-consultores-sap-billing-fica-wm-crm-utilities-ccs-isu,"Consultores SAP Billing/FICA/WM/CRM (Utilities/CCS/ISU) 5d Accenture Campina Grande, Unifacisa Building 7 Full-Time Anywhere in the World",We Work Remotely
https://weworkremotely.com/remote-jobs/bask-health-customer-success-advocate,Customer Success Advocate 6d Bask Health United States Full-Time Anywhere in the World,We Work Remotely
https://weworkremotely.com/remote-jobs/pro-ideal-jobs-dynamics-365-crm-developer,"Dynamics 365 CRM Developer 8d Pro iDeal Jobs Cluj-Napoca, Remote, Romania Full-Time",We Work Remotely
https://weworkremotely.com/remote-jobs/optimantra-sr-product-manager,"Sr. Product Manager 8d OptiMantra Atlanta, Georgia, United States Full-Time",We Work Remotely
https://weworkremotely.com/remote-jobs/smartbug-media-point-sucess-globalia-crm-strategist,"CRM Strategist 9d Smartbug Media/Point Sucess/Globalia Remote, United States Full-Time Anywhere in the World",We Work Remotely
https://weworkremotely.com/remote-jobs/acerto-analista-de-crm-pleno-jornada,Analista de CRM Pleno - Jornada 8d Acerto BR Full-Time Anywhere in the World,We Work Remotely
https://weworkremotely.com/remote-jobs/select-saunas-customer-support-specialist,"Customer Support Specialist 9d Select Saunas Casper, WY Full-Time $25,000 - $48,999 USD Anywhere in the World",We Work Remotely
https://weworkremotely.com/remote-jobs/automattic-support-engineer-wordpress-vip,"Support Engineer, WordPress VIP 10d Automattic Remote Top 100 Full-Time 🇺🇸 United States of America",We Work Remotely
https://weworkremotely.com/remote-jobs/vista-fulfillment-group-customer-support-operations-manager-intercom-fin-ai,"Customer Support Operations Manager - Intercom & Fin AI 11d Vista Fulfillment Group Santee, California, United States Full-Time Anywhere in the World",We Work Remotely
https://weworkremotely.com/remote-jobs/nearcut-product-manager,"Product Manager 5d Nearcut Berlin, Germany Featured Full-Time $75,000 - $99,999 USD Anywhere in the World",We Work Remotely
https://weworkremotely.com/remote-jobs/toggl-senior-product-manager-4,"Senior Product Manager 14d Toggl Tallinn, Estonia Featured Top 100 Full-Time $75,000 - $99,999 USD Anywhere in the World",We Work Remotely
https://weworkremotely.com/remote-jobs/mongoose-head-of-marketing-product-gtm,"Head of Marketing, Product & GTM 1d Mongoose Buffalo / Atlanta / Austin / Boston / Chicago / Denver / Los Angeles / New York City / Oakland / Portland / San Francisco / Seattle / Philadelphia Full-Time Anywhere in the World",We Work Remotely
https://weworkremotely.com/remote-jobs/septeo-cnee-product-marketing-manager-w-m-d-fur-saas-und-on-premises-losungen,"Product Marketing Manager (w/m/d) für SaaS und On-Premises Lösungen 5d Septeo CNEE Karlsruhe, DE, Lauf a. d. Pegnitz, DE, Nordwalde, DE, Remote, Germany Full-Time",We Work Remotely
https://weworkremotely.com/remote-jobs/renaissance-learning-north-america-account-manager-ii,Account Manager II 5d Renaissance Learning North America Remote - LA Full-Time,We Work Remotely
https://weworkremotely.com/remote-jobs/blackhawk-network-client-sales-development-manager,"Client Sales Development Manager 5d Blackhawk Network Remote, United States Full-Time Anywhere in the World",We Work Remotely
https://weworkremotely.com/remote-jobs/net-health-product-support-representative-iv-remote,"Product Support Representative IV - REMOTE 5d Net Health Pittsburgh, Pennsylvania, 15222, United States Full-Time",We Work Remotely
https://weworkremotely.com/remote-jobs/hypersonix-finance-accounts-executive-us-saas-startup,Finance & Accounts Executive (US SaaS Startup) 5d Hypersonix Remote Full-Time,We Work Remotely
https://weworkremotely.com/remote-jobs/tcwglobal-support-operations-program-manager-saas-remote,"Support Operations Program Manager (SaaS) REMOTE 7d TCWGlobal CA, USA Full-Time",We Work Remotely
https://weworkremotely.com/remote-jobs/jms-technical-solutions-solutions-engineer-network-automation-consultant-python-nautobot-saas-1,"Solutions Engineer / Network Automation Consultant (Python, Nautobot SaaS) 7d JMS Technical Solutions Remote Full-Time Anywhere in the World",We Work Remotely
https://weworkremotely.com/remote-jobs/kojo-sales-development-representative,Sales Development Representative 7d Kojo Remote (Canada) Full-Time Anywhere in the World,We Work Remotely
https://weworkremotely.com/remote-jobs/intapp-program-manager-time-migration,Program Manager Time Migration 7d Intapp Remote (United States) Full-Time,We Work Remotely
https://weworkremotely.com/remote-jobs/ifs-account-executive-net-new-copperleaf-france,"Account Executive - Net New | Copperleaf | France 13d IFS Paris, France Full-Time",We Work Remotely
https://weworkremotely.com/remote-jobs/lodgify-senior-data-engineer,Senior Data Engineer 14d Lodgify Spain Full-Time Anywhere in the World,We Work Remotely
https://weworkremotely.com/remote-jobs/dinepalace-com-foodme-mobi-sales-manager-saas-social-media-marketing-philippines,Sales Manager (SaaS & Social Media Marketing) - Philippines 14d DinePalace.com / Foodme.Mobi Full-Time Anywhere in the World,We Work Remotely
https://weworkremotely.com/remote-jobs/redolent-frontend-full-stack-engineer,"Frontend Full Stack Engineer 14d Redolent Remote, CA Full-Time",We Work Remotely
https://weworkremotely.com/remote-jobs/insider-one-product-manager-b2b-saas-martech-europe,"Product Manager - B2B SaaS (Martech) - Europe 13d Insider One Berlin, Germany / Amsterdam, Netherlands / Hamburg / London, United Kingdom Full-Time Anywhere in the World",We Work Remotely
https://weworkremotely.com/remote-jobs/jetbrains-product-manager-for-bonsai-innovation-hub,"Product Manager for Bonsai (Innovation Hub) 14d Jetbrains Amsterdam, Netherlands; Belgrade, Serbia; Berlin, Germany; Limassol, Cyprus; Madrid, Spain; Munich, Germany; Paphos, Cyprus; Prague, Czech Republic; Remote, Germany; Warsaw, Poland; Yerevan, Armenia Full-Time Anywhere in the World",We Work Remotely
https://weworkremotely.com/remote-jobs/e-breuninger-co-product-owner-zendesk-customer-service-m-w-d-remote-moglich,"Product Owner Zendesk Customer Service (m/w/d) // remote möglich 25d E. Breuninger& Co. Stuttgart, Deutschland Full-Time Anywhere in the World",We Work Remotely
https://weworkremotely.com/remote-jobs/aledade-senior-product-analyst-remote,"Senior Product Analyst, Remote 25d Aledade Bethesda, MD Full-Time Anywhere in the World",We Work Remotely
https://weworkremotely.com/remote-jobs/the-legal-podcast-network-we-re-hiring-appointment-setter-freelance-remote,"We're Hiring: Appointment Setter (Freelance, Remote) 6d Boosted listing The Legal Podcast Network Austin, Texas Boosted Full-Time $25,000 - $48,999 USD Anywhere in the World",We Work Remotely
https://weworkremotely.com/remote-jobs/spiralyze-video-content-strategist-storyboards-1,"Video Content Strategist / Storyboards New Spiralyze Atlanta, Georgia Featured Full-Time Anywhere in the World",We Work Remotely
https://weworkremotely.com/remote-jobs/credit-joy-remote-sales-representative,Remote Sales Representative 3d Credit Joy Delaware Featured Full-Time Anywhere in the World,We Work Remotely
https://weworkremotely.com/remote-jobs/superplane-devrel-content-creator,"DevRel - Content Creator 4d SuperPlane USA Featured Full-Time $100,000 or more USD Anywhere in the World",We Work Remotely
https://weworkremotely.com/remote-jobs/lawnstarter-director-of-paid-social-video-1,Director of Paid Social & Video 5d LawnStarter United States Featured Full-Time Anywhere in the World,We Work Remotely
https://weworkremotely.com/remote-jobs/credit-wellness-llc-inside-sales-account-executive,"Inside Sales - Account Executive 5d Credit Wellness LLC USA Featured Contract $75,000 - $99,999 USD Anywhere in the World",We Work Remotely
https://weworkremotely.com/remote-jobs/creative-force-sales-jedi-6,Sales Jedi 5d Creative Force Creative Force Featured Top 100 Full-Time Anywhere in the World,We Work Remotely
https://weworkremotely.com/remote-jobs/your-resource-group-llc-remote-inside-sales-1,"Remote Inside Sales 11d Your Resource Group LLC USA Featured Contract $25,000 - $48,999 USD Anywhere in the World",We Work Remotely
https://weworkremotely.com/remote-jobs/binance-dach-community-manager-events,"DACH Community Manager (Events) 15d Binance Europe / Global / Ireland, Dublin / United Kingdom, London / Asia / Japan, Tokyo / Hong Kong / Australia, Brisbane / Australia, Melbourne / Australia, Sydney / Estonia, Tallinn / Greece, Athens / India, Bangalore / Philippines, Manila Featured Full-Time 🇦🇹 Austria 🇨🇭 Switzerland 🇩🇪 Germany",We Work Remotely
https://weworkremotely.com/remote-jobs/buffer-senior-engineer-growth-marketing,"Senior Engineer - Growth Marketing 15d Buffer United States, California Featured Full-Time $100,000 or more USD Anywhere in the World",We Work Remotely
https://weworkremotely.com/remote-jobs/claimsorted-personal-assistant,"Personal Assistant New Claimsorted 169 Madison Ave, Suite 11115, New York, NY 10016 Full-Time $25,000 - $48,999 USD 🇺🇸 United States of America",We Work Remotely
https://weworkremotely.com/remote-jobs/lula-commerce-smb-gtm-lead,SMB GTM Lead New Lula Commerce Full-Time Anywhere in the World,We Work Remotely
https://weworkremotely.com/remote-jobs/hello-there-collective-affiliate-marketing-manager,"Affiliate Marketing Manager New Hello There Collective Los Angeles, California Full-Time Anywhere in the World",We Work Remotely
https://weworkremotely.com/remote-jobs/sitecare-client-success-advisor,"Client Success Advisor 3d SiteCare LaGrange, Georgia Full-Time $75,000 - $99,999 USD Anywhere in the World",We Work Remotely
https://weworkremotely.com/remote-jobs/king-edward-first-creative-lead-paid-social,"Creative Lead, Paid Social 5d King Edward First Los Angeles Contract $25,000 - $48,999 USD Anywhere in the World",We Work Remotely
https://weworkremotely.com/remote-jobs/hologrowth-google-ads-media-buyer-growth-agency-dtc-ecommerce,"Google Ads Media Buyer @ Growth Agency (DTC Ecommerce) 7d HoloGrowth Worldwide Full-Time $25,000 - $48,999 USD Anywhere in the World",We Work Remotely
https://weworkremotely.com/remote-jobs/the-careside-inside-sales-team-leader,"Inside Sales Team Leader 7d The Careside Perth, Australia Full-Time 🇮🇩 Indonesia 🇰🇷 Korea (Republic of) 🇲🇾 Malaysia 🇸🇬 Singapore 🇹🇭 Thailand 🇹🇼 Taiwan, Province of China 🇻🇳 Viet Nam",We Work Remotely
https://weworkremotely.com/remote-jobs/forager-growth-lead,Growth Lead 10d Forager Los Angeles Full-Time Anywhere in the World,We Work Remotely
https://weworkremotely.com/remote-jobs/the-careside-performance-marketing-specialist,"Performance Marketing Specialist 11d The CareSide Perth, Australia Contract Anywhere in the World",We Work Remotely
https://weworkremotely.com/remote-jobs/animalz-senior-content-marketer-seo,"Senior Content Marketer, SEO 11d Animalz San Diego, California Top 100 Full-Time $75,000 - $99,999 USD 🇦🇹 Austria 🇧🇪 Belgium 🇨🇦 Canada 🇪🇸 Spain 🇫🇷 France 🇬🇧 United Kingdom of Great Britain and Northern Ireland 🇬🇷 Greece 🇳🇬 Nigeria 🇳🇱 Netherlands 🇺🇸 United States of America 🇿🇦 South Africa",We Work Remotely
https://weworkremotely.com/remote-jobs/the-archetype-strategy-director-of-sales-marketing,Director of Sales & Marketing 12d The Archetype Strategy Remote Full-Time Anywhere in the World,We Work Remotely
https://weworkremotely.com/remote-jobs/compass-business-solutions-marketing-specialist,Marketing Specialist 12d Compass Business Solutions Remote Full-Time,We Work Remotely
https://weworkremotely.com/remote-jobs/runway-b2b-marketing-director,B2B Marketing Director 12d Runway Remote Full-Time Anywhere in the World,We Work Remotely
https://weworkremotely.com/remote-jobs/capslock-media-buyer-google-meta,"Media Buyer (Google&Meta) 12d CapsLock Madrid, Remote, United States Full-Time",We Work Remotely
https://weworkremotely.com/remote-jobs/everai-junior-performance-marketer-full-remote-croatia,Junior Performance Marketer (Full Remote - Croatia) 12d EverAI Croatia Full-Time Anywhere in the World,We Work Remotely
https://weworkremotely.com/remote-jobs/sofatutor-gmbh-cro-specialist-all-genders,"CRO Specialist (all genders) 12d sofatutor GmbH Berlin Featured Full-Time $50,000 - $74,999 USD 🇦🇹 Austria 🇨🇭 Switzerland 🇨🇿 Czechia 🇩🇪 Germany 🇩🇰 Denmark 🇪🇸 Spain 🇫🇷 France 🇬🇧 United Kingdom of Great Britain and Northern Ireland 🇬🇷 Greece 🇭🇷 Croatia 🇮🇪 Ireland 🇮🇹 Italy 🇳🇱 Netherlands 🇳🇴 Norway 🇵🇱 Poland 🇵🇹 Portugal 🇸🇪 Sweden 🇸🇰 Slovakia",We Work Remotely
https://weworkremotely.com/remote-jobs/hospitable-staff-ui-ux-product-designer-usa-emea-remote-1,"Staff UI/UX Product Designer (USA/EMEA - Remote) New Hospitable United States Full-Time $100,000 or more USD Anywhere in the World",We Work Remotely
https://weworkremotely.com/remote-jobs/hugeinc-qa-lead,QA Lead 1d HugeInc Colombia Full-Time Anywhere in the World,We Work Remotely
https://weworkremotely.com/remote-jobs/browserstack-manager-product-design,Manager - Product Design 1d BrowserStack Mumbai Remote Full-Time Anywhere in the World,We Work Remotely
https://weworkremotely.com/remote-jobs/vodafone-vodafonethree-technical-design-authority,VodafoneThree - Technical Design Authority 1d Vodafone United Kingdom Full-Time Anywhere in the World,We Work Remotely
https://weworkremotely.com/remote-jobs/faith-technologies-sales-application-engineer-switchboards,Sales Application Engineer-Switchboards 1d Faith Technologies WI - Menasha Full-Time,We Work Remotely
https://weworkremotely.com/remote-jobs/worldwide-mission-critical-technology-design-engineer,Technology Design Engineer 1d Worldwide Mission Critical Remote Worker - United States Full-Time Anywhere in the World,We Work Remotely
https://weworkremotely.com/remote-jobs/gm-design-release-engineer-semiconductor,"Design Release Engineer – Semiconductor 7d GM Warren, Michigan, United States of America Full-Time",We Work Remotely
https://weworkremotely.com/remote-jobs/qintess-desenvolvedor-csharp-net-e-php-remota,"Desenvolvedor C# .NET e PHP - Remota 7d Qintess São Paulo, São Paulo, Brazil Full-Time",We Work Remotely
https://weworkremotely.com/remote-jobs/home-depot-design-consultant-exteriors-louisville-ky,"Design Consultant - Exteriors, Louisville, KY 7d Home Depot KENTUCKY - VIRTUAL - KY01 Full-Time",We Work Remotely
https://weworkremotely.com/remote-jobs/moon-buchhalter-steuerfachangestellte-m-w-d,"Buchhalter / Steuerfachangestellte (M/W/D) 7d MOON Tettenweis, BAYERN, 94167, Germany Full-Time",We Work Remotely
https://weworkremotely.com/remote-jobs/masco-design-center-manager-nyc,"Design Center Manager, NYC 7d Masco US - New York - New York Full-Time",We Work Remotely
https://weworkremotely.com/remote-jobs/assemble-lead-product-designer,"Lead Product Designer 7d Assemble Los Angeles, CA Full-Time Anywhere in the World",We Work Remotely
https://weworkremotely.com/remote-jobs/ey-service-design-consultant,Service Design Consultant 7d EY Katowice - 2 days in office / 3 days remote Full-Time Anywhere in the World,We Work Remotely
https://weworkremotely.com/remote-jobs/trinca-senior-data-engineering,Senior Data Engineering 7d Trinca BR Full-Time Anywhere in the World,We Work Remotely
https://weworkremotely.com/remote-jobs/vitru-educacao-professor-regente-design-grafico-digital-e-ou-produto,"Professor Regente - Design Gráfico, Digital e/ou Produto 7d Vitru Educação BR Full-Time Anywhere in the World",We Work Remotely
https://weworkremotely.com/remote-jobs/garden3d-design-engineer-part-time,"Design Engineer Part-Time 8d garden3d New York City Contract $50,000 - $74,999 USD Anywhere in the World",We Work Remotely
https://weworkremotely.com/remote-jobs/ssc-hr-solutions-architect-concept-design-lead-remote-job,"Architect Concept Design Lead - Remote Job 11d Ssc Hr Solutions Cairo, Cairo Governorate, Egypt Full-Time Anywhere in the World",We Work Remotely
https://weworkremotely.com/remote-jobs/gensler-design-manager-sports-entertainment-senior,Design Manager – Sports & Entertainment - Senior 11d Gensler Remote - Australia Full-Time Anywhere in the World,We Work Remotely
https://weworkremotely.com/remote-jobs/lyncas-ux-designer-design-system-pleno,UX Designer – Design System Pleno 11d Lyncas BR Full-Time Anywhere in the World,We Work Remotely
https://weworkremotely.com/remote-jobs/ci-t-job-29629-program-manager-sr-redesign-de-superapp,[Job 29629] Program Manager Sr- Redesign de Superapp 12d CI&T Brazil Full-Time Anywhere in the World,We Work Remotely
https://weworkremotely.com/remote-jobs/huzzle-senior-webflow-designer-developer,Senior Webflow Designer & Developer 11d Huzzle Argentina Full-Time Anywhere in the World,We Work Remotely
https://weworkremotely.com/remote-jobs/power-design-electrical-apprentice,Electrical Apprentice 11d Power Design Nationwide Full-Time Anywhere in the World,We Work Remotely
https://weworkremotely.com/remote-jobs/wvsu-fully-remote-csr-job-live-chat-assistant-wanted-training-included-usa,FULLY REMOTE CSR JOB - LIVE CHAT ASSISTANT WANTED - TRAINING INCLUDED - USA ONLY 19d WVSU WEST VIRGINIA Full-Time Anywhere in the World,We Work Remotely
https://weworkremotely.com/remote-jobs/stone-tile-administrative-assistant,Administrative Assistant 19d Stone & Tile Chicago Contract 🇺🇸 United States of America,We Work Remotely
https://weworkremotely.com/remote-jobs/reveleer-full-stack-ai-engineer,"Full Stack AI Engineer 15d Reveleer United States Featured Full-Time $100,000 or more USD Anywhere in the World",We Work Remotely
https://weworkremotely.com/remote-jobs/tether-ai-research-engineer,AI Research Engineer 15d Tether El Salvador Featured Full-Time Anywhere in the World,We Work Remotely
https://weworkremotely.com/remote-jobs/onthegosystems-senior-ruby-on-rails-developer-2,Senior Ruby on Rails Developer 29d OnTheGoSystems Remote Featured Top 100 Full-Time Anywhere in the World,We Work Remotely
https://weworkremotely.com/remote-jobs/abstract-full-stack-web-developer-remote-contractor,"Full Stack Web Developer ⏤ Remote Contractor 5d Abstract Stuttgart, DE Full-Time Anywhere in the World",We Work Remotely
https://weworkremotely.com/remote-jobs/https-shiperp-com-php-web-developer,"PHP Web Developer 5d https://shiperp.com/ Shaw Blvd, Mandaluyong, Metro Manila, Philippines Full-Time",We Work Remotely
https://weworkremotely.com/remote-jobs/workstaff360-e-commerce-web-developer-next-js-node-js-experience-is-required,E-commerce Web Developer (Next.js / Node.js experience is required) 5d WorkStaff360 Islamabad Full-Time,We Work Remotely
https://weworkremotely.com/remote-jobs/indigenous-climate-action-request-for-proposals-website-developer,Request for Proposals: Website Developer 5d Indigenous Climate Action Canada Full-Time Anywhere in the World,We Work Remotely
https://weworkremotely.com/remote-jobs/bunny-net-staff-software-engineer-magic-containers,"Staff Software Engineer (Magic Containers) 6d bunny.net Slovenia Full-Time $100,000 or more USD Anywhere in the World",We Work Remotely
https://weworkremotely.com/remote-jobs/linkage-web-development-gohighlevel-expert-remote,GoHighLevel Expert (Remote) 8d Linkage Web Development [REMOTE] Full-Time,We Work Remotely
https://weworkremotely.com/remote-jobs/ahu-technologies-facilities-maintenance-coordinator-tonawanda-ny,"Facilities Maintenance Coordinator - Tonawanda, NY 8d AHU Technologies Fully Remote - US Full-Time Anywhere in the World",We Work Remotely
https://weworkremotely.com/remote-jobs/ahu-technologies-gxp-instrument-systems-engineer-norwood-ma,"GxP Instrument Systems Engineer- Norwood, MA 8d AHU Technologies Fully Remote - US Full-Time Anywhere in the World",We Work Remotely
https://weworkremotely.com/remote-jobs/hostinger-full-stack-developer-node-js-website-builder-based-in-poland,Full-Stack Developer (Node.js) | Website Builder | Based in Poland 13d Hostinger Poland Full-Time Anywhere in the World,We Work Remotely
https://weworkremotely.com/remote-jobs/anexia-internetdienstleistungs-senior-linux-system-engineer-m-w-d,Senior Linux System Engineer (M/W/D) 13d Anexia Internetdienstleistungs Full-Time Anywhere in the World,We Work Remotely
https://weworkremotely.com/remote-jobs/adoreal-web-development-manager-marketing-webflow,Web Development Manager (Marketing & Webflow) 13d Adoreal Uruguay Full-Time Anywhere in the World,We Work Remotely
https://weworkremotely.com/remote-jobs/anexia-internetdienstleistungs-technical-advisor-training-quality-m-w-d,Technical Advisor – Training & Quality (M/W/D) 13d Anexia Internetdienstleistungs Full-Time Anywhere in the World,We Work Remotely
https://weworkremotely.com/remote-jobs/lemon-io-senior-ai-engineer-architect,"Senior AI Engineer / Architect 14d Lemon.io New York, NY Top 100 Full-Time 🇦🇩 Andorra 🇦🇱 Albania 🇦🇷 Argentina 🇦🇹 Austria 🇦🇺 Australia 🇧🇦 Bosnia and Herzegovina 🇧🇴 Bolivia (Plurinational State of) 🇧🇷 Brazil 🇧🇿 Belize 🇨🇦 Canada 🇨🇭 Switzerland 🇨🇱 Chile 🇨🇴 Colombia 🇨🇷 Costa Rica 🇨🇾 Cyprus 🇨🇿 Czechia 🇩🇪 Germany 🇩🇰 Denmark 🇩🇴 Dominican Republic 🇪🇨 Ecuador 🇪🇪 Estonia 🇪🇸 Spain 🇫🇮 Finland 🇫🇷 France 🇬🇧 United Kingdom of Great Britain and Northern Ireland 🇬🇷 Greece 🇬🇹 Guatemala 🇭🇳 Honduras 🇭🇷 Croatia 🇭🇹 Haiti 🇮🇩 Indonesia 🇮🇪 Ireland 🇮🇱 Israel 🇮🇹 Italy 🇯🇲 Jamaica 🇯🇵 Japan 🇰🇷 Korea (Republic of) 🇱🇹 Lithuania 🇱🇺 Luxembourg 🇱🇻 Latvia 🇲🇦 Morocco 🇲🇩 Moldova (Republic of) 🇲🇪 Montenegro 🇲🇰 North Macedonia 🇲🇹 Malta 🇲🇽 Mexico 🇲🇾 Malaysia 🇳🇱 Netherlands 🇳🇴 Norway 🇳🇿 New Zealand 🇵🇦 Panama 🇵🇪 Peru 🇵🇬 Papua New Guinea 🇵🇭 Philippines 🇵🇱 Poland 🇵🇷 Puerto Rico 🇵🇹 Portugal 🇵🇾 Paraguay 🇷🇴 Romania 🇸🇪 Sweden 🇸🇬 Singapore 🇸🇮 Slovenia 🇸🇰 Slovakia 🇸🇻 El Salvador 🇹🇭 Thailand 🇺🇦 Ukraine 🇺🇸 United States of America 🇺🇾 Uruguay 🇻🇳 Viet Nam 🇿🇦 South Africa",We Work Remotely
https://weworkremotely.com/remote-jobs/community-sports-partners-web-developer,"Web Developer 19d Community Sports Partners Buenos Aires, Argentina Full-Time",We Work Remotely
https://weworkremotely.com/remote-jobs/thehivecareers-co-web-developer-remote,"Web Developer (Remote) 19d thehivecareers.co Port of Spain, Trinidad and Tobago Full-Time Anywhere in the World",We Work Remotely
https://weworkremotely.com/remote-jobs/linkage-web-development-active-pooling-lead-generation-specialist-virtual-assistant,[Active Pooling] Lead Generation Specialist - Virtual Assistant 19d Linkage Web Development [REMOTE] Full-Time,We Work Remotely
https://weworkremotely.com/remote-jobs/swanson-health-shopify-developer,"Shopify Developer 19d Swanson Health Fargo, North Dakota, United States Full-Time",We Work Remotely
https://weworkremotely.com/remote-jobs/comparis-ch-backend-engineer-80-100-f-m-x,"Backend Engineer, 80-100% (f/m/x) 21d comparis.ch Zuerich Full-Time $50,000 - $74,999 USD 🇦🇱 Albania 🇧🇦 Bosnia and Herzegovina 🇨🇿 Czechia 🇬🇷 Greece 🇭🇷 Croatia 🇭🇺 Hungary 🇱🇹 Lithuania 🇱🇻 Latvia 🇲🇰 North Macedonia 🇲🇹 Malta 🇵🇱 Poland 🇵🇹 Portugal 🇷🇴 Romania 🇷🇸 Serbia 🇸🇮 Slovenia 🇸🇰 Slovakia 🇹🇷 Türkiye 🇺🇦 Ukraine",We Work Remotely
https://weworkremotely.com/remote-jobs/close-senior-software-engineer-backend-python-usa-only-100-remote-1,"Senior Software Engineer - Backend/Python - USA Only (100% Remote) 28d Close USA Top 100 Full-Time $100,000 or more USD Anywhere in the World",We Work Remotely
https://weworkremotely.com/remote-jobs/fairgambling-blockchain-engineer-researcher,Blockchain Engineer & Researcher 30d FairGambling Full-Time Anywhere in the World,We Work Remotely
https://weworkremotely.com/remote-jobs/elite-software-automation-business-analyst-2,"Business Analyst 25d Elite Software Automation Virtual Featured Full-Time $100,000 or more USD Anywhere in the World",We Work Remotely
https://weworkremotely.com/remote-jobs/wealthsimple-sr-data-scientist-growth-product,"Sr Data Scientist, Growth Product New Wealthsimple Remote / Canada Full-Time Anywhere in the World",We Work Remotely
https://weworkremotely.com/remote-jobs/mailerlite-performance-copywriter-1,"Performance Copywriter 1d MailerLite USA Top 100 Full-Time $50,000 - $74,999 USD Anywhere in the World",We Work Remotely
https://weworkremotely.com/remote-jobs/mission-loans-retail-loan-officer,Retail Loan Officer 5d Mission Loans Remote Full-Time,We Work Remotely
https://weworkremotely.com/remote-jobs/giga-energy-head-of-project-finance,"Head of Project Finance 5d Giga Energy New York, NY. Remote, USA. Full-Time",We Work Remotely
https://weworkremotely.com/remote-jobs/contact-government-services-senior-accounting-technician,"Senior Accounting Technician 5d Contact Government Services Miami, FL / Remote / Hybrid / Tampa, FL Full-Time",We Work Remotely
https://weworkremotely.com/remote-jobs/conexwest-financial-controller,Financial Controller 5d Conexwest Remote Full-Time Anywhere in the World,We Work Remotely
https://weworkremotely.com/remote-jobs/velera-solutions-client-delivery-project-manager,Client Delivery Project Manager 6d Velera Solutions Remote-USA Full-Time Anywhere in the World,We Work Remotely
https://weworkremotely.com/remote-jobs/fortrea-workday-financials-p2p-manager,Workday Financials - P2P Manager 6d Fortrea Remote India Full-Time Anywhere in the World,We Work Remotely
https://weworkremotely.com/remote-jobs/thrivent-market-director-chicago,Market Director - Chicago 6d Thrivent Remote-Illinois-Chicago Full-Time,We Work Remotely
https://weworkremotely.com/remote-jobs/circle-internet-financial-senior-solutions-engineer-ii-financial-partnerships-apac,"Senior Solutions Engineer II, Financial Partnerships, APAC 6d Circle Internet Financial Singapore - remote first in Singapore Full-Time Anywhere in the World",We Work Remotely
https://weworkremotely.com/remote-jobs/brighthouse-financial-senior-actuarial-associate-charlotte-nc-hybrid-or-remote,"Senior Actuarial Associate (Charlotte, NC (Hybrid) or Remote) 6d Brighthouse Financial North Carolina Full-Time",We Work Remotely
https://weworkremotely.com/remote-jobs/flag-theory-multi-jurisdiction-accountant-for-an-international-client-portfolio-europe,Multi-Jurisdiction Accountant for an International Client Portfolio (Europe) 7d Flag Theory Remote Full-Time 🇦🇩 Andorra 🇦🇱 Albania 🇦🇲 Armenia 🇦🇹 Austria 🇦🇿 Azerbaijan 🇧🇦 Bosnia and Herzegovina 🇧🇪 Belgium 🇧🇬 Bulgaria 🇧🇾 Belarus 🇨🇭 Switzerland 🇨🇾 Cyprus 🇨🇿 Czechia 🇩🇪 Germany 🇩🇰 Denmark 🇪🇪 Estonia 🇪🇸 Spain 🇫🇮 Finland 🇫🇷 France 🇬🇪 Georgia 🇬🇬 Guernsey 🇬🇷 Greece 🇭🇷 Croatia 🇭🇺 Hungary 🇮🇪 Ireland 🇮🇲 Isle of Man 🇮🇸 Iceland 🇮🇹 Italy 🇱🇹 Lithuania 🇱🇻 Latvia 🇲🇩 Moldova (Republic of) 🇲🇪 Montenegro 🇲🇰 North Macedonia 🇲🇹 Malta 🇲🇺 Mauritius 🇳🇱 Netherlands 🇳🇴 Norway 🇵🇱 Poland 🇵🇹 Portugal 🇷🇴 Romania 🇷🇸 Serbia 🇸🇨 Seychelles 🇸🇪 Sweden 🇸🇮 Slovenia 🇸🇰 Slovakia 🇹🇷 Türkiye 🇺🇦 Ukraine,We Work Remotely
https://weworkremotely.com/remote-jobs/yei-finance-product-manager,Product Manager 8d Yei Finance Spain Full-Time Anywhere in the World,We Work Remotely
https://weworkremotely.com/remote-jobs/made-card-product-designer,Product Designer 8d Made Card New York City Full-Time Anywhere in the World,We Work Remotely
https://weworkremotely.com/remote-jobs/boston-medical-center-system-finance-and-special-projects-manager,System Finance and Special Projects Manager 11d Boston Medical Center Remote Full-Time Anywhere in the World,We Work Remotely
https://weworkremotely.com/remote-jobs/collectly-strategic-account-executive,Strategic Account Executive 11d Collectly United States Full-Time Anywhere in the World,We Work Remotely
https://weworkremotely.com/remote-jobs/arineo-senior-consultant-microsoft-dynamics-365-fscm-finance-all-genders,"Senior Consultant Microsoft Dynamics 365 FSCM - Finance (all genders) 11d Arineo Butzbach, Hesse, 35510, Germany Full-Time",We Work Remotely
https://weworkremotely.com/remote-jobs/inserm-assistant-e-en-gestion-financiere-et-comptable,Assistant-e en gestion financière et comptable 11d Inserm 15 rue de l'Ecole de Médecine 75006 Paris Full-Time,We Work Remotely
https://weworkremotely.com/remote-jobs/blossom-chief-financial-officer,"Chief Financial Officer 11d Blossom Remote, Florida, 33146 United States Full-Time",We Work Remotely
https://weworkremotely.com/remote-jobs/wealth-com-director-of-strategic-accounts,"Director of Strategic Accounts 13d Wealth.com Remote, United States Full-Time Anywhere in the World",We Work Remotely
https://weworkremotely.com/remote-jobs/allianz-pollution-claims-adjuster-iii-fully-remote,Pollution Claims Adjuster III | Fully Remote 13d Allianz Full-Time Anywhere in the World,We Work Remotely
https://weworkremotely.com/remote-jobs/spieldenner-financial-group-sales-wfh,"Sales (WFH) 13d Spieldenner Financial Group Spokane, WA Full-Time",We Work Remotely
https://weworkremotely.com/remote-jobs/empower-retirement-senior-private-wealth-advisor-practice-lead-florida-region,"Senior Private Wealth Advisor, Practice Lead - Florida region 13d Empower Retirement FL Miami - Remote Full-Time",We Work Remotely
https://weworkremotely.com/remote-jobs/eclerx-gl-accountant,"GL Accountant 13d eClerx Muntinlupa City, Philippines Full-Time Anywhere in the World",We Work Remotely
https://weworkremotely.com/remote-jobs/nomad-senior-software-engineer-ii,"Senior Software Engineer II 29d Boosted listing Nomad Denver CO Boosted Featured Full-Time $100,000 or more USD 🇺🇲 United States Minor Outlying Islands 🇺🇸 United States of America",We Work Remotely
https://weworkremotely.com/remote-jobs/cortes-23-senior-qa-engineer-2,Senior QA Engineer 6d Cortes 23 Remote Featured Full-Time Anywhere in the World,We Work Remotely
https://weworkremotely.com/remote-jobs/a-team-senior-independent-ai-engineer-architect,Senior Independent AI Engineer / Architect 10d A.Team NYC and TLV Contract Anywhere in the World,We Work Remotely
https://weworkremotely.com/remote-jobs/a-team-senior-independent-software-developer-90-170-hr,Senior Independent Software Developer ($90-$170/hr) 10d A.Team NYC and TLV Contract Anywhere in the World,We Work Remotely
https://weworkremotely.com/remote-jobs/storetasker-senior-shopify-developer-remote-flexible-3,"Senior Shopify Developer (Remote + Flexible) 15d Storetasker Brooklyn, NY Contract Anywhere in the World",We Work Remotely
https://weworkremotely.com/remote-jobs/knowmad-mood-java-devops-senior-pipelines-ci-cd-y-docker,"Java/DevOps Senior Pipelines CI/CD y Docker New Knowmad Mood Pl. de Catalunya, 21 Barcelona, España, 08002 Spain Full-Time Anywhere in the World",We Work Remotely
https://weworkremotely.com/remote-jobs/mirantis-senior-devops-engineer,"Senior DevOps Engineer New Mirantis Barcelona, Spain Full-Time Anywhere in the World",We Work Remotely
https://weworkremotely.com/remote-jobs/mongoose-product-support-specialist,Product Support Specialist New Mongoose Buffalo / Atlanta / Austin / Chicago / Boston / Denver / Los Angeles / San Francisco / Philadelphia Full-Time Anywhere in the World,We Work Remotely
https://weworkremotely.com/remote-jobs/sticker-mule-software-engineer-3,"Software engineer 4d Sticker Mule New York, NY Top 100 Full-Time $100,000 or more USD Anywhere in the World",We Work Remotely
https://weworkremotely.com/remote-jobs/thrill-labs-devops-engineer,DevOps Engineer 4d Thrill Labs Remote from EU Full-Time Anywhere in the World,We Work Remotely
https://weworkremotely.com/remote-jobs/vvd-product-engineer,Product Engineer 4d Vvd Canada Full-Time Anywhere in the World,We Work Remotely
https://weworkremotely.com/remote-jobs/aguru-uk-ltd-senior-full-stack-engineer,"Senior Full Stack Engineer 5d Aguru UK Ltd United Kingdom Contract $75,000 - $99,999 USD Anywhere in the World",We Work Remotely
https://weworkremotely.com/remote-jobs/super-com-product-marketing-manager,Product Marketing Manager 6d Super.Com Canada Full-Time Anywhere in the World,We Work Remotely
https://weworkremotely.com/remote-jobs/vultr-network-devops-engineer-rdma-fabric-automation,"Network DevOps Engineer, RDMA Fabric Automation 6d Vultr Remote - United States Full-Time Anywhere in the World",We Work Remotely
https://weworkremotely.com/remote-jobs/fatturaelettronica-app-full-stack-web-app-developer-saas-mid-senior,"Full-Stack Web App Developer Saas (Mid-Senior) 7d FatturaElettronica APP Milan, IT Full-Time Anywhere in the World",We Work Remotely
https://weworkremotely.com/remote-jobs/dentology-senior-full-stack-product-engineer,Senior Full Stack Product Engineer 7d Dentology UK (Remote) Full-Time Anywhere in the World,We Work Remotely
https://weworkremotely.com/remote-jobs/umbrel-product-designer,Product Designer 8d Umbrel Remote Full-Time Anywhere in the World,We Work Remotely
https://weworkremotely.com/remote-jobs/umbrel-customer-support-technical,Customer Support (technical) 8d Umbrel Remote Full-Time Anywhere in the World,We Work Remotely
https://weworkremotely.com/remote-jobs/umbrel-customer-support-non-technical,Customer Support (non-technical) 10d Umbrel Remote Full-Time Anywhere in the World,We Work Remotely
https://weworkremotely.com/remote-jobs/dentology-full-stack-product-engineer,Full Stack Product Engineer 10d Dentology UK (Remote) Full-Time Anywhere in the World,We Work Remotely
https://weworkremotely.com/remote-jobs/patrianna-devops-engineer,DevOps Engineer 10d Patrianna Ukraine Full-Time Anywhere in the World,We Work Remotely
https://weworkremotely.com/remote-jobs/memora-aps-founding-engineer,"Founding Engineer 11d Memora ApS Copenhagen, Denmark Full-Time $100,000 or more USD Anywhere in the World",We Work Remotely
https://weworkremotely.com/remote-jobs/ahu-technologies-web-applications-developer-sacramento-ca,"Web Applications Developer - Sacramento, CA 11d AHU Technologies Fully Remote - US Full-Time Anywhere in the World",We Work Remotely
https://weworkremotely.com/remote-jobs/akamai-senior-software-development-engineer-in-test-ii-automation,Senior Software Development Engineer in Test II - Automation 11d Akamai United States Full-Time Anywhere in the World,We Work Remotely
https://weworkremotely.com/remote-jobs/varicent-support-engineer-sql-web-applications-remote-mexico-only,"Support Engineer – SQL & Web Applications (Remote - Mexico Only) 11d Varicent Tijuana, Mexico Full-Time Anywhere in the World",We Work Remotely
